event_id,treatment_id,patient_id,event_date,description,severity,reaction_type,required_hospitalization,report_date,resolution
1,12,9,2025-12-01,Gastrointestinal bleeding requiring transfusion,Mild,Major hemorrhage,0,2025-12-05,Under evaluation
2,22,16,2025-12-03,Extensive spontaneous bruising on limbs,Moderate,Bruising,0,2025-12-06,Ongoing
3,42,31,2026-06-06,Elevated heart rate after inhaler use,Moderate,Tachycardia,0,2026-06-06,Recovered
4,49,33,2024-07-07,Steroid-induced irritability and insomnia,Fatal,Mood disturbance,0,2024-07-07,Fatal
5,61,42,2025-10-25,Elevated liver transaminases on routine panel,Mild,Hepatotoxicity,0,2025-10-25,Under evaluation
6,62,44,2022-02-26,Recurrent headache following dose escalation,Mild,Headache,0,2022-03-01,Recovered
7,73,54,2026-07-16,New infection attributable to immunosuppression,Mild,Opportunistic infection,0,2026-07-16,Recovered
8,78,56,2026-04-25,Extensive spontaneous bruising on limbs,Severe,Bruising,0,2026-04-27,Sequelae
9,79,57,2023-10-02,Steroid-induced irritability and insomnia,Severe,Mood disturbance,1,2023-10-02,Recovered
10,101,68,2024-12-03,Rise in serum creatinine after treatment start,Severe,Acute kidney injury,1,2024-12-07,Recovered
11,113,76,2026-05-08,Acute hypotension and airway swelling after dose,Moderate,Anaphylaxis,0,2026-05-13,Recovered
12,126,83,2025-10-29,New-onset elevated glucose readings,Fatal,Hyperglycemia,1,2025-10-31,Fatal
13,136,87,2025-04-07,Upper GI hemorrhage with hematemesis,Moderate,Gastrointestinal bleeding,0,2025-04-12,Ongoing
14,138,88,2023-04-19,Symptomatic low heart rate,Mild,Bradycardia,0,2023-04-19,Recovered
15,145,91,2025-04-09,Diffuse muscle pain with elevated creatine kinase,Severe,Myalgia,1,2025-04-09,Recovered
16,158,101,2024-10-11,Upper GI hemorrhage with hematemesis,Fatal,Gastrointestinal bleeding,0,2024-10-12,Fatal
17,167,107,2024-04-02,Upper GI hemorrhage with hematemesis,Mild,Gastrointestinal bleeding,0,2024-04-06,Recovered
18,186,118,2024-10-25,Persistent non-productive cough unresponsive to antitussives,Moderate,Dry cough,0,2024-10-30,Ongoing
19,202,126,2026-05-12,Symptomatic low heart rate,Fatal,Bradycardia,1,2026-05-13,Fatal
20,214,133,2024-03-24,Gastrointestinal bleeding requiring transfusion,Moderate,Major hemorrhage,0,2024-03-28,Under evaluation
21,225,137,2024-05-17,Gastrointestinal bleeding requiring transfusion,Moderate,Major hemorrhage,0,2024-05-19,Recovered
22,231,141,2026-08-05,Rise in serum creatinine after treatment start,Mild,Acute kidney injury,0,2026-08-09,Recovered
23,238,144,2024-02-25,Recurrent headache following dose escalation,Mild,Headache,0,2024-02-26,Recovered
24,240,146,2025-05-09,Extensive spontaneous bruising on limbs,Moderate,Bruising,0,2025-05-10,Ongoing
25,249,152,2023-09-24,Excessive daytime somnolence,Severe,Sedation,1,2023-09-28,Sequelae
26,251,154,2024-08-27,Recurrent headache following dose escalation,Mild,Headache,0,2024-09-01,Recovered
27,296,186,2022-12-17,Generalized urticaria and pruritus,Moderate,Allergic skin reaction,0,2022-12-20,Recovered
28,301,191,2025-04-17,Extensive spontaneous bruising on limbs,Fatal,Bruising,1,2025-04-17,Fatal
29,313,201,2023-03-26,Acute hypotension and airway swelling after dose,Moderate,Anaphylaxis,0,2023-03-31,Under evaluation
30,321,205,2024-07-28,Gastrointestinal bleeding requiring transfusion,Severe,Major hemorrhage,1,2024-07-28,Ongoing
31,335,215,2024-12-26,New infection attributable to immunosuppression,Moderate,Opportunistic infection,0,2024-12-30,Under evaluation
32,358,227,2024-01-21,Acute hypotension and airway swelling after dose,Fatal,Anaphylaxis,1,2024-01-21,Fatal
33,367,234,2025-01-28,Orthostatic hypotension with dizziness,Mild,Dehydration,0,2025-01-30,Recovered
34,369,234,2025-07-30,Persistent non-productive cough unresponsive to antitussives,Mild,Dry cough,0,2025-07-31,Recovered
35,376,237,2023-03-15,Steroid-induced irritability and insomnia,Mild,Mood disturbance,0,2023-03-19,Recovered
36,380,240,2026-08-08,Extensive spontaneous bruising on limbs,Fatal,Bruising,0,2026-08-11,Fatal
37,381,241,2025-04-17,New-onset sleep disturbance after starting therapy,Moderate,Insomnia,0,2025-04-21,Ongoing
38,388,247,2024-03-27,New-onset sleep disturbance after starting therapy,Mild,Insomnia,0,2024-03-29,Recovered
39,392,249,2021-08-03,Extensive spontaneous bruising on limbs,Mild,Bruising,0,2021-08-08,Recovered
40,403,254,2024-12-03,Orthostatic hypotension with dizziness,Mild,Dehydration,0,2024-12-05,Recovered
41,405,255,2023-06-07,Refractory chemotherapy-induced emesis,Moderate,Nausea and vomiting,0,2023-06-12,Ongoing
42,411,258,2025-09-13,New lower-limb swelling,Moderate,Peripheral edema,0,2025-09-18,Recovered
43,425,268,2025-11-27,Steroid-induced irritability and insomnia,Mild,Mood disturbance,0,2025-11-30,Recovered
44,437,275,2024-06-20,Recurrent headache following dose escalation,Mild,Headache,0,2024-06-25,Recovered
45,445,279,2026-06-24,New-onset sleep disturbance after starting therapy,Mild,Insomnia,0,2026-06-24,Under evaluation
46,457,287,2026-01-18,New lower-limb swelling,Moderate,Peripheral edema,0,2026-01-22,Ongoing
47,462,290,2026-04-02,Low serum magnesium on routine labs,Moderate,Hypomagnesemia,0,2026-04-06,Recovered
48,465,292,2023-12-26,Upper GI hemorrhage with hematemesis,Mild,Gastrointestinal bleeding,0,2023-12-29,Recovered
49,469,293,2025-06-25,New-onset persistent fatigue,Mild,Fatigue,0,2025-06-30,Recovered
50,475,296,2024-03-21,Extensive spontaneous bruising on limbs,Mild,Bruising,0,2024-03-23,Recovered
51,476,296,2026-03-15,Generalized urticaria and pruritus,Moderate,Allergic skin reaction,0,2026-03-19,Recovered
52,477,297,2024-08-25,Severe opioid-induced constipation,Mild,Constipation,0,2024-08-29,Under evaluation
53,487,301,2025-08-22,Rise in creatinine during therapy,Mild,Nephrotoxicity,0,2025-08-27,Under evaluation
54,490,302,2024-12-11,Extensive spontaneous bruising on limbs,Moderate,Bruising,0,2024-12-13,Recovered
55,493,304,2026-05-29,New-onset sleep disturbance after starting therapy,Severe,Insomnia,1,2026-05-30,Recovered
56,495,305,2022-12-31,Orthostatic hypotension with dizziness,Moderate,Dehydration,0,2023-01-03,Recovered
57,511,315,2021-10-28,New infection attributable to immunosuppression,Mild,Opportunistic infection,0,2021-10-30,Recovered
58,520,320,2024-03-26,Extensive spontaneous bruising on limbs,Severe,Bruising,1,2024-03-29,Recovered
59,550,336,2023-11-23,Upper GI hemorrhage with hematemesis,Moderate,Gastrointestinal bleeding,0,2023-11-26,Recovered
60,583,355,2024-10-29,New-onset elevated glucose readings,Severe,Hyperglycemia,1,2024-11-02,Recovered
61,598,367,2026-02-02,Metabolic acidosis with elevated lactate,Moderate,Lactic acidosis,0,2026-02-05,Recovered
62,605,369,2021-07-26,Acute rise in serum creatinine,Moderate,Nephrotoxicity,0,2021-07-28,Ongoing
63,624,384,2026-06-26,Acute rise in serum creatinine,Severe,Nephrotoxicity,1,2026-06-28,Recovered
64,626,385,2025-06-06,New-onset sleep disturbance after starting therapy,Mild,Insomnia,0,2025-06-06,Recovered
65,650,401,2026-07-19,Persistent non-productive cough unresponsive to antitussives,Moderate,Dry cough,0,2026-07-19,Recovered
66,668,413,2026-06-06,Unwitnessed fall attributed to sedation,Severe,Falls,1,2026-06-11,Sequelae
67,727,454,2025-06-06,Diffuse maculopapular rash,Moderate,Rash,0,2025-06-06,Recovered
68,741,461,2026-05-20,Steroid-induced irritability and insomnia,Mild,Mood disturbance,0,2026-05-22,Recovered
69,749,469,2025-05-22,New-onset sleep disturbance after starting therapy,Mild,Insomnia,0,2025-05-26,Recovered
70,756,473,2026-03-28,New-onset sleep disturbance after starting therapy,Mild,Insomnia,0,2026-04-01,Recovered
71,762,475,2026-02-28,Blood glucose below 50 mg/dL with symptoms,Mild,Hypoglycemia,0,2026-03-02,Recovered
72,768,480,2025-11-16,Rise in serum creatinine after treatment start,Fatal,Acute kidney injury,1,2025-11-20,Fatal
73,772,481,2026-04-17,Facial and lip swelling with mild airway compromise,Mild,Angioedema,0,2026-04-19,Under evaluation
74,773,482,2023-06-20,New-onset elevated glucose readings,Mild,Hyperglycemia,0,2023-06-21,Under evaluation
75,794,495,2024-03-31,Sleep disturbance following dose adjustment,Severe,Insomnia,1,2024-04-05,Ongoing
76,803,500,2025-12-14,Orthostatic hypotension with dizziness,Mild,Dehydration,0,2025-12-19,Recovered
77,807,501,2023-07-12,Acute rise in serum creatinine,Moderate,Nephrotoxicity,0,2023-07-15,Recovered
78,808,502,2026-02-16,Localized redness and swelling at injection site,Moderate,Injection site reaction,0,2026-02-20,Recovered
79,813,506,2026-03-03,Unwitnessed fall attributed to sedation,Severe,Falls,1,2026-03-08,Ongoing
80,821,509,2026-08-15,New infection attributable to immunosuppression,Fatal,Opportunistic infection,0,2026-08-17,Fatal
81,826,512,2026-08-13,Acute rise in serum creatinine,Severe,Nephrotoxicity,0,2026-08-17,Sequelae
82,843,523,2021-06-19,Decreased respiratory rate requiring monitoring,Moderate,Respiratory depression,0,2021-06-23,Ongoing
83,848,529,2026-06-27,New-onset elevated glucose readings,Severe,Hyperglycemia,0,2026-06-28,Sequelae
84,849,529,2026-02-02,Upper GI hemorrhage with hematemesis,Severe,Gastrointestinal bleeding,1,2026-02-02,Sequelae
85,861,539,2025-12-26,Localized redness and swelling at injection site,Mild,Injection site reaction,0,2025-12-27,Recovered
86,865,541,2025-11-09,Extensive spontaneous bruising on limbs,Moderate,Bruising,0,2025-11-09,Ongoing
87,868,542,2024-03-30,"Agitation, tremor and hyperreflexia",Severe,Serotonin syndrome,1,2024-04-03,Ongoing
88,914,571,2024-07-15,Metabolic acidosis with elevated lactate,Moderate,Lactic acidosis,0,2024-07-17,Ongoing
89,941,584,2025-12-02,Severe opioid-induced constipation,Severe,Constipation,1,2025-12-02,Sequelae
90,946,587,2026-04-01,Fine hand tremor following dosing,Moderate,Tremor,0,2026-04-02,Ongoing
91,949,589,2026-02-19,Refractory chemotherapy-induced emesis,Mild,Nausea and vomiting,0,2026-02-22,Recovered
92,975,608,2025-11-17,Persistent non-productive cough unresponsive to antitussives,Moderate,Dry cough,0,2025-11-18,Under evaluation
93,993,617,2026-07-15,Facial and lip swelling with mild airway compromise,Mild,Angioedema,0,2026-07-20,Recovered
94,994,618,2023-09-26,Decreased respiratory rate requiring monitoring,Mild,Respiratory depression,0,2023-09-28,Recovered
95,999,620,2024-04-10,Facial and lip swelling with mild airway compromise,Moderate,Angioedema,0,2024-04-11,Under evaluation
96,1003,624,2025-12-16,Gastrointestinal bleeding requiring transfusion,Mild,Major hemorrhage,0,2025-12-19,Under evaluation
97,1009,628,2025-02-09,Generalized urticaria and pruritus,Mild,Allergic skin reaction,0,2025-02-11,Under evaluation
98,1023,634,2026-06-22,Acute rise in serum creatinine,Mild,Nephrotoxicity,0,2026-06-27,Recovered
99,1025,635,2023-03-17,Severe opioid-induced constipation,Moderate,Constipation,0,2023-03-21,Recovered
100,1083,677,2025-11-20,New infection attributable to immunosuppression,Mild,Opportunistic infection,0,2025-11-24,Under evaluation
101,1088,680,2026-07-22,Extensive spontaneous bruising on limbs,Fatal,Bruising,0,2026-07-24,Fatal
102,1098,686,2023-06-05,Diffuse muscle pain with elevated creatine kinase,Moderate,Myalgia,0,2023-06-08,Under evaluation
103,1100,687,2024-07-12,Upper GI hemorrhage with hematemesis,Moderate,Gastrointestinal bleeding,0,2024-07-14,Under evaluation
104,1106,689,2024-10-18,Symptomatic drop in blood pressure,Moderate,Hypotension,0,2024-10-22,Ongoing
105,1137,708,2024-09-29,Facial and lip swelling with mild airway compromise,Moderate,Angioedema,0,2024-09-30,Ongoing
106,1139,708,2025-07-14,Gastrointestinal bleeding requiring transfusion,Mild,Major hemorrhage,0,2025-07-15,Recovered
107,1152,718,2025-07-26,Extensive spontaneous bruising on limbs,Mild,Bruising,0,2025-07-27,Recovered
108,1167,728,2021-11-14,"Agitation, tremor and hyperreflexia",Mild,Serotonin syndrome,0,2021-11-16,Recovered
109,1169,729,2026-07-26,Severe opioid-induced constipation,Mild,Constipation,0,2026-07-30,Recovered
110,1172,731,2025-08-24,Decreased respiratory rate requiring monitoring,Mild,Respiratory depression,0,2025-08-24,Under evaluation
111,1198,752,2026-06-27,New-onset persistent fatigue,Moderate,Fatigue,0,2026-06-29,Ongoing
112,1206,757,2026-08-16,Rise in serum creatinine after treatment start,Moderate,Acute kidney injury,0,2026-08-17,Under evaluation
113,1229,773,2026-04-28,Rapid weight gain over follow-up period,Mild,Weight gain,0,2026-05-01,Recovered
114,1234,775,2026-05-21,Unwitnessed fall attributed to sedation,Moderate,Falls,0,2026-05-25,Recovered
115,1257,793,2025-12-09,Acute hypotension and airway swelling after dose,Mild,Anaphylaxis,0,2025-12-12,Recovered
116,1262,798,2026-06-15,New-onset persistent fatigue,Mild,Fatigue,0,2026-06-15,Recovered
117,1276,806,2025-01-05,Recurrent headache following dose escalation,Severe,Headache,1,2025-01-08,Ongoing
118,1280,809,2025-08-04,Unexplained leukopenia on follow-up labs,Moderate,Bone marrow suppression,0,2025-08-04,Recovered
119,1282,811,2024-04-14,Acute rise in serum creatinine,Severe,Nephrotoxicity,1,2024-04-17,Sequelae
120,1283,812,2025-08-19,Unwitnessed fall attributed to sedation,Moderate,Falls,0,2025-08-22,Under evaluation
121,1305,827,2025-04-22,Blood glucose below 50 mg/dL with symptoms,Mild,Hypoglycemia,0,2025-04-26,Recovered
122,1311,830,2026-06-25,Gastrointestinal bleeding requiring transfusion,Moderate,Major hemorrhage,0,2026-06-29,Recovered
123,1315,831,2026-08-01,Gastrointestinal bleeding requiring transfusion,Severe,Major hemorrhage,0,2026-08-04,Ongoing
124,1316,831,2026-04-05,Symptomatic low heart rate,Moderate,Bradycardia,0,2026-04-08,Recovered
125,1319,834,2024-06-04,New-onset elevated glucose readings,Mild,Hyperglycemia,0,2024-06-07,Recovered
126,1325,837,2025-07-05,Generalized urticaria and pruritus,Severe,Allergic skin reaction,1,2025-07-08,Ongoing
127,1344,848,2026-03-09,Upper GI hemorrhage with hematemesis,Moderate,Gastrointestinal bleeding,0,2026-03-09,Recovered
128,1346,850,2026-07-28,Severe opioid-induced constipation,Moderate,Constipation,0,2026-07-28,Under evaluation
129,1350,853,2026-05-07,"Agitation, tremor and hyperreflexia",Severe,Serotonin syndrome,0,2026-05-07,Sequelae
130,1352,855,2025-07-31,Upper GI hemorrhage with hematemesis,Moderate,Gastrointestinal bleeding,0,2025-08-05,Under evaluation
131,1359,858,2026-04-02,Generalized urticaria and pruritus,Mild,Allergic skin reaction,0,2026-04-03,Under evaluation
132,1367,864,2024-06-13,Orthostatic hypotension with dizziness,Severe,Dehydration,0,2024-06-13,Ongoing
133,1368,864,2024-06-18,Transaminases elevated 3x upper limit of normal,Moderate,Hepatotoxicity,0,2024-06-20,Under evaluation
134,1396,886,2023-12-27,Elevated liver transaminases on routine panel,Mild,Hepatotoxicity,0,2023-12-28,Recovered
135,1414,897,2021-02-14,Unexplained leukopenia on follow-up labs,Mild,Bone marrow suppression,0,2021-02-16,Recovered
136,1433,908,2025-10-28,Recurrent headache following dose escalation,Severe,Headache,1,2025-10-30,Ongoing
137,1434,908,2025-11-05,Severe opioid-induced constipation,Mild,Constipation,0,2025-11-10,Under evaluation
138,1435,910,2025-09-19,Low serum magnesium on routine labs,Mild,Hypomagnesemia,0,2025-09-22,Under evaluation
139,1454,920,2026-06-16,"Agitation, tremor and hyperreflexia",Moderate,Serotonin syndrome,0,2026-06-17,Under evaluation
140,1471,930,2025-09-03,Localized redness and swelling at injection site,Moderate,Injection site reaction,0,2025-09-05,Ongoing
141,1501,946,2026-04-29,Excessive daytime somnolence,Moderate,Sedation,0,2026-05-02,Under evaluation
142,1508,951,2024-05-05,New lower-limb swelling,Mild,Peripheral edema,0,2024-05-10,Recovered
143,1512,955,2023-11-22,New-onset persistent fatigue,Mild,Fatigue,0,2023-11-22,Recovered
144,1518,959,2026-03-18,Diffuse muscle pain with elevated creatine kinase,Moderate,Myalgia,0,2026-03-18,Under evaluation
145,1528,963,2023-06-29,Metabolic acidosis with elevated lactate,Mild,Lactic acidosis,0,2023-07-03,Recovered
146,1535,965,2026-07-08,Diffuse muscle pain with elevated creatine kinase,Severe,Myalgia,0,2026-07-08,Ongoing
147,1548,970,2026-04-22,Fine hand tremor following dosing,Moderate,Tremor,0,2026-04-24,Recovered
148,1553,972,2026-04-09,New-onset tachyarrhythmia after dose increase,Mild,Palpitations,0,2026-04-11,Under evaluation
149,1583,989,2026-01-16,New-onset elevated glucose readings,Moderate,Hyperglycemia,0,2026-01-16,Ongoing
150,1610,1008,2022-07-08,Rise in serum creatinine after treatment start,Mild,Acute kidney injury,0,2022-07-10,Recovered
151,1614,1010,2023-11-23,"Agitation, tremor and hyperreflexia",Fatal,Serotonin syndrome,0,2023-11-26,Fatal
152,1620,1016,2025-08-24,Gastrointestinal bleeding requiring transfusion,Mild,Major hemorrhage,0,2025-08-28,Recovered
153,1621,1017,2025-03-12,Orthostatic hypotension with dizziness,Moderate,Dehydration,0,2025-03-14,Ongoing
154,1652,1033,2024-02-22,Metabolic acidosis with elevated lactate,Moderate,Lactic acidosis,0,2024-02-27,Ongoing
155,1667,1042,2023-07-07,Symptomatic low heart rate,Moderate,Bradycardia,0,2023-07-11,Recovered
156,1681,1052,2026-07-04,Extensive spontaneous bruising on limbs,Moderate,Bruising,0,2026-07-05,Ongoing
157,1682,1053,2024-12-19,Upper GI hemorrhage with hematemesis,Mild,Gastrointestinal bleeding,0,2024-12-20,Recovered
158,1683,1053,2024-09-01,Low serum potassium on routine labs,Mild,Hypokalemia,0,2024-09-02,Recovered
159,1688,1055,2022-10-20,Severe opioid-induced constipation,Moderate,Constipation,0,2022-10-21,Ongoing
160,1689,1055,2020-12-15,Decreased respiratory rate requiring monitoring,Mild,Respiratory depression,0,2020-12-19,Recovered
161,1692,1058,2022-12-14,Steroid-induced irritability and insomnia,Moderate,Mood disturbance,0,2022-12-16,Recovered
162,1719,1070,2023-05-21,Acute hypotension and airway swelling after dose,Moderate,Anaphylaxis,0,2023-05-22,Ongoing
163,1723,1074,2026-03-14,Acute hypotension and airway swelling after dose,Moderate,Anaphylaxis,0,2026-03-16,Recovered
164,1738,1083,2026-06-28,Generalized urticaria and pruritus,Severe,Allergic skin reaction,1,2026-07-01,Ongoing
165,1742,1086,2025-06-22,Localized redness and swelling at injection site,Severe,Injection site reaction,1,2025-06-25,Ongoing
166,1743,1086,2025-07-25,Rise in serum creatinine after treatment start,Moderate,Acute kidney injury,0,2025-07-25,Under evaluation
167,1751,1092,2024-10-24,New-onset elevated glucose readings,Mild,Hyperglycemia,0,2024-10-26,Recovered
168,1752,1093,2025-06-11,Extensive spontaneous bruising on limbs,Moderate,Bruising,0,2025-06-14,Ongoing
169,1754,1094,2025-02-10,Diffuse muscle pain with elevated creatine kinase,Moderate,Myalgia,0,2025-02-12,Ongoing
170,1762,1097,2026-06-27,Extensive spontaneous bruising on limbs,Moderate,Bruising,0,2026-06-30,Under evaluation
171,1772,1104,2026-04-28,Extensive spontaneous bruising on limbs,Mild,Bruising,0,2026-05-02,Recovered
172,1781,1111,2026-02-11,New infection attributable to immunosuppression,Moderate,Opportunistic infection,0,2026-02-12,Ongoing
173,1784,1112,2026-05-02,Refractory chemotherapy-induced emesis,Mild,Nausea and vomiting,0,2026-05-05,Recovered
174,1835,1142,2025-11-15,Decreased respiratory rate requiring monitoring,Severe,Respiratory depression,1,2025-11-18,Ongoing
175,1841,1145,2026-05-21,Elevated liver transaminases on routine panel,Severe,Hepatotoxicity,0,2026-05-23,Ongoing
176,1872,1164,2024-01-24,Extensive spontaneous bruising on limbs,Mild,Bruising,0,2024-01-26,Under evaluation
177,1881,1168,2025-05-16,"Agitation, tremor and hyperreflexia",Moderate,Serotonin syndrome,0,2025-05-21,Ongoing
178,1913,1186,2026-05-21,Extensive spontaneous bruising on limbs,Mild,Bruising,0,2026-05-25,Under evaluation
179,1916,1188,2021-12-18,Extensive spontaneous bruising on limbs,Moderate,Bruising,0,2021-12-23,Recovered
180,1937,1204,2026-08-06,Diffuse maculopapular rash,Severe,Rash,1,2026-08-08,Sequelae
181,1950,1212,2026-04-20,Unwitnessed fall attributed to sedation,Moderate,Falls,0,2026-04-24,Recovered
182,1992,1242,2026-07-12,Steroid-induced irritability and insomnia,Moderate,Mood disturbance,0,2026-07-15,Recovered
183,1994,1244,2025-04-06,Rapid weight gain over follow-up period,Severe,Weight gain,1,2025-04-10,Ongoing
184,2006,1252,2026-04-03,Severe drop in absolute neutrophil count,Moderate,Neutropenia,0,2026-04-08,Recovered
185,2007,1252,2026-03-04,Gastrointestinal bleeding requiring transfusion,Fatal,Major hemorrhage,1,2026-03-04,Fatal
186,2040,1272,2026-07-03,New-onset sleep disturbance after starting therapy,Moderate,Insomnia,0,2026-07-08,Recovered
187,2064,1287,2023-11-16,Acute hypotension and airway swelling after dose,Mild,Anaphylaxis,0,2023-11-20,Recovered
188,2081,1294,2022-03-16,Decreased respiratory rate requiring monitoring,Severe,Respiratory depression,0,2022-03-18,Recovered
189,2101,1306,2022-05-28,Steroid-induced irritability and insomnia,Moderate,Mood disturbance,0,2022-05-29,Recovered
190,2108,1309,2025-06-07,Severe opioid-induced constipation,Severe,Constipation,1,2025-06-08,Ongoing
191,2111,1311,2023-08-06,Extensive spontaneous bruising on limbs,Mild,Bruising,0,2023-08-11,Under evaluation
192,2113,1312,2026-07-19,Decreased respiratory rate requiring monitoring,Severe,Respiratory depression,1,2026-07-22,Recovered
193,2126,1318,2024-07-20,Unwitnessed fall attributed to sedation,Fatal,Falls,1,2024-07-20,Fatal
194,2147,1329,2025-11-06,New-onset elevated glucose readings,Moderate,Hyperglycemia,0,2025-11-08,Recovered
195,2166,1342,2026-07-28,Severe opioid-induced constipation,Mild,Constipation,0,2026-07-30,Under evaluation
196,2168,1343,2023-03-05,Acute hypotension and airway swelling after dose,Moderate,Anaphylaxis,0,2023-03-05,Recovered
197,2175,1348,2026-08-09,Extensive spontaneous bruising on limbs,Moderate,Bruising,0,2026-08-14,Recovered
198,2179,1352,2023-12-14,Upper GI hemorrhage with hematemesis,Fatal,Gastrointestinal bleeding,1,2023-12-14,Fatal
199,2184,1354,2022-06-19,Low serum potassium on routine labs,Mild,Hypokalemia,0,2022-06-22,Recovered
200,2185,1355,2026-07-31,Elevated liver transaminases on routine panel,Mild,Hepatotoxicity,0,2026-08-04,Recovered
201,2197,1360,2025-09-05,Rise in serum creatinine after treatment start,Mild,Acute kidney injury,0,2025-09-05,Recovered
202,2222,1379,2025-12-21,Severe opioid-induced constipation,Mild,Constipation,0,2025-12-26,Recovered
203,2237,1390,2022-08-06,New-onset sleep disturbance after starting therapy,Fatal,Insomnia,1,2022-08-07,Fatal
204,2240,1393,2025-09-28,Decreased respiratory rate requiring monitoring,Moderate,Respiratory depression,0,2025-10-03,Recovered
205,2249,1399,2025-04-13,Metabolic acidosis with elevated lactate,Moderate,Lactic acidosis,0,2025-04-16,Recovered
206,2276,1416,2026-05-09,Low serum magnesium on routine labs,Moderate,Hypomagnesemia,0,2026-05-10,Recovered
207,2280,1418,2026-05-21,New infection attributable to immunosuppression,Moderate,Opportunistic infection,0,2026-05-24,Recovered
208,2356,1462,2025-04-29,Diffuse muscle pain with elevated creatine kinase,Severe,Myalgia,0,2025-04-30,Ongoing
209,2357,1462,2025-10-16,New infection attributable to immunosuppression,Mild,Opportunistic infection,0,2025-10-19,Recovered
210,2360,1464,2025-11-07,Extensive spontaneous bruising on limbs,Severe,Bruising,0,2025-11-08,Recovered
211,2366,1467,2024-12-28,Rise in serum creatinine after treatment start,Fatal,Acute kidney injury,1,2024-12-28,Fatal
212,2373,1473,2026-05-22,Gastrointestinal bleeding requiring transfusion,Fatal,Major hemorrhage,1,2026-05-26,Fatal
213,2376,1475,2026-01-02,Unexplained leukopenia on follow-up labs,Severe,Bone marrow suppression,0,2026-01-07,Ongoing
214,2407,1493,2023-01-22,Steroid-induced irritability and insomnia,Moderate,Mood disturbance,0,2023-01-24,Ongoing
215,2415,1496,2025-08-08,Unexplained leukopenia on follow-up labs,Mild,Bone marrow suppression,0,2025-08-08,Under evaluation
216,2423,1501,2025-12-31,Upper GI hemorrhage with hematemesis,Mild,Gastrointestinal bleeding,0,2026-01-05,Recovered
217,2427,1503,2026-01-16,New-onset tachyarrhythmia after dose increase,Mild,Palpitations,0,2026-01-21,Recovered
218,2428,1503,2026-04-10,Unwitnessed fall attributed to sedation,Moderate,Falls,0,2026-04-13,Recovered
219,2452,1518,2025-09-11,New infection attributable to immunosuppression,Mild,Opportunistic infection,0,2025-09-16,Recovered
220,2453,1519,2023-02-26,Rapid weight gain over follow-up period,Mild,Weight gain,0,2023-02-27,Recovered
221,2471,1536,2026-03-07,Transaminases elevated 3x upper limit of normal,Severe,Hepatotoxicity,0,2026-03-10,Recovered
222,2472,1536,2025-07-14,Acute hypotension and airway swelling after dose,Mild,Anaphylaxis,0,2025-07-14,Recovered
223,2476,1539,2024-11-04,Gastrointestinal bleeding requiring transfusion,Severe,Major hemorrhage,0,2024-11-09,Ongoing
224,2504,1556,2025-12-10,Generalized urticaria and pruritus,Moderate,Allergic skin reaction,0,2025-12-12,Under evaluation
225,2505,1556,2024-08-25,Diffuse muscle pain with elevated creatine kinase,Mild,Myalgia,0,2024-08-27,Under evaluation
226,2513,1562,2025-09-04,Recurrent headache following dose escalation,Mild,Headache,0,2025-09-04,Under evaluation
227,2517,1564,2024-08-05,"Agitation, tremor and hyperreflexia",Mild,Serotonin syndrome,0,2024-08-05,Under evaluation
228,2532,1573,2023-11-20,Symptomatic low heart rate,Mild,Bradycardia,0,2023-11-23,Recovered
229,2547,1584,2023-05-12,Localized redness and swelling at injection site,Mild,Injection site reaction,0,2023-05-15,Recovered
230,2581,1606,2025-01-11,Rise in creatinine during therapy,Moderate,Nephrotoxicity,0,2025-01-12,Under evaluation
231,2585,1608,2023-01-07,New-onset persistent fatigue,Moderate,Fatigue,0,2023-01-08,Recovered
232,2586,1609,2025-02-10,Refractory chemotherapy-induced emesis,Moderate,Nausea and vomiting,0,2025-02-12,Ongoing
233,2598,1618,2025-03-14,Excessive daytime somnolence,Moderate,Sedation,0,2025-03-14,Recovered
234,2621,1634,2021-06-17,Gastrointestinal bleeding requiring transfusion,Severe,Major hemorrhage,1,2021-06-18,Ongoing
235,2627,1637,2026-03-06,New-onset elevated glucose readings,Severe,Hyperglycemia,1,2026-03-09,Sequelae
236,2650,1654,2026-06-30,Severe drop in absolute neutrophil count,Mild,Neutropenia,0,2026-06-30,Under evaluation
237,2656,1660,2026-04-13,Recurrent headache following dose escalation,Severe,Headache,1,2026-04-13,Ongoing
238,2661,1663,2025-09-30,New infection attributable to immunosuppression,Mild,Opportunistic infection,0,2025-10-01,Recovered
239,2670,1669,2024-02-01,Gastrointestinal bleeding requiring transfusion,Moderate,Major hemorrhage,0,2024-02-03,Ongoing
240,2680,1676,2024-07-04,Severe drop in absolute neutrophil count,Fatal,Neutropenia,1,2024-07-05,Fatal
241,2696,1689,2025-07-30,Acute rise in serum creatinine,Mild,Nephrotoxicity,0,2025-08-01,Recovered
242,2705,1696,2026-07-24,Blood glucose below 50 mg/dL with symptoms,Severe,Hypoglycemia,1,2026-07-28,Ongoing
243,2712,1701,2025-01-29,Steroid-induced irritability and insomnia,Moderate,Mood disturbance,0,2025-01-30,Recovered
244,2735,1715,2025-06-03,Upper GI hemorrhage with hematemesis,Moderate,Gastrointestinal bleeding,0,2025-06-07,Under evaluation
245,2747,1721,2025-07-14,Gastrointestinal bleeding requiring transfusion,Mild,Major hemorrhage,0,2025-07-19,Recovered
246,2754,1723,2022-12-13,Recurrent headache following dose escalation,Mild,Headache,0,2022-12-16,Recovered
247,2755,1723,2023-12-30,Orthostatic hypotension with dizziness,Moderate,Dehydration,0,2024-01-03,Under evaluation
248,2808,1762,2025-06-05,Extensive spontaneous bruising on limbs,Severe,Bruising,0,2025-06-06,Ongoing
249,2809,1763,2025-05-07,Severe drop in absolute neutrophil count,Moderate,Neutropenia,0,2025-05-07,Under evaluation
250,2870,1803,2026-07-28,Extensive spontaneous bruising on limbs,Moderate,Bruising,0,2026-07-29,Ongoing
251,2881,1810,2025-06-25,Gastrointestinal bleeding requiring transfusion,Severe,Major hemorrhage,1,2025-06-29,Ongoing
252,2883,1811,2022-04-08,New-onset sleep disturbance after starting therapy,Mild,Insomnia,0,2022-04-09,Recovered
253,2922,1838,2025-05-24,Persistent non-productive cough unresponsive to antitussives,Moderate,Dry cough,0,2025-05-29,Recovered
254,2932,1844,2025-04-23,New-onset sleep disturbance after starting therapy,Mild,Insomnia,0,2025-04-28,Recovered
255,2943,1854,2021-09-21,Fine hand tremor following dosing,Mild,Tremor,0,2021-09-26,Recovered
256,2953,1862,2026-03-07,Gastrointestinal bleeding requiring transfusion,Severe,Major hemorrhage,1,2026-03-11,Recovered
257,2968,1870,2026-06-21,Acute hypotension and airway swelling after dose,Mild,Anaphylaxis,0,2026-06-24,Recovered
258,3060,1925,2022-04-12,Localized redness and swelling at injection site,Mild,Injection site reaction,0,2022-04-13,Recovered
259,3117,1959,2023-05-13,Acute rise in serum creatinine,Mild,Nephrotoxicity,0,2023-05-13,Recovered
260,3119,1960,2025-01-16,Upper GI hemorrhage with hematemesis,Mild,Gastrointestinal bleeding,0,2025-01-20,Recovered
261,3128,1965,2026-01-16,Diffuse muscle pain with elevated creatine kinase,Mild,Myalgia,0,2026-01-19,Recovered
262,3160,1986,2026-07-05,Acute rise in serum creatinine,Moderate,Nephrotoxicity,0,2026-07-10,Ongoing
263,3173,1996,2026-02-18,Refractory chemotherapy-induced emesis,Moderate,Nausea and vomiting,0,2026-02-23,Recovered
264,3180,2000,2024-08-11,New-onset tremor and rigidity,Mild,Extrapyramidal symptoms,0,2024-08-16,Recovered
265,3205,2014,2026-02-14,Facial and lip swelling with mild airway compromise,Severe,Angioedema,1,2026-02-18,Ongoing
266,3210,2016,2024-03-12,New-onset tachyarrhythmia after dose increase,Moderate,Palpitations,0,2024-03-14,Under evaluation
267,3216,2018,2024-08-26,Rise in serum creatinine after treatment start,Mild,Acute kidney injury,0,2024-08-31,Recovered
268,3224,2025,2024-02-28,Symptomatic low heart rate,Mild,Bradycardia,0,2024-02-28,Recovered
269,3250,2043,2026-03-08,Generalized urticaria and pruritus,Mild,Allergic skin reaction,0,2026-03-13,Recovered
270,3253,2045,2024-03-13,New-onset sleep disturbance after starting therapy,Mild,Insomnia,0,2024-03-18,Recovered
271,3255,2046,2026-06-26,Elevated liver transaminases on routine panel,Severe,Hepatotoxicity,0,2026-06-27,Recovered
272,3262,2053,2023-12-07,Refractory chemotherapy-induced emesis,Fatal,Nausea and vomiting,1,2023-12-12,Fatal
273,3282,2065,2025-10-12,Upper GI hemorrhage with hematemesis,Moderate,Gastrointestinal bleeding,0,2025-10-12,Ongoing
274,3288,2068,2025-11-24,Gastrointestinal bleeding requiring transfusion,Mild,Major hemorrhage,0,2025-11-24,Recovered
275,3297,2072,2025-10-28,"Agitation, tremor and hyperreflexia",Mild,Serotonin syndrome,0,2025-10-30,Recovered
276,3298,2074,2024-06-30,Recurrent headache following dose escalation,Moderate,Headache,0,2024-06-30,Under evaluation
277,3303,2078,2025-08-07,Severe opioid-induced constipation,Mild,Constipation,0,2025-08-09,Recovered
278,3312,2082,2026-05-16,Severe drop in absolute neutrophil count,Mild,Neutropenia,0,2026-05-20,Recovered
279,3323,2086,2026-07-04,Elevated liver transaminases on routine panel,Moderate,Hepatotoxicity,0,2026-07-05,Recovered
280,3333,2090,2024-04-09,Unwitnessed fall attributed to sedation,Mild,Falls,0,2024-04-09,Under evaluation
281,3334,2091,2026-06-10,Acute hypotension and airway swelling after dose,Mild,Anaphylaxis,0,2026-06-12,Under evaluation
282,3341,2094,2026-05-30,Diffuse maculopapular rash,Moderate,Rash,0,2026-06-01,Ongoing
283,3343,2095,2024-02-15,Unwitnessed fall attributed to sedation,Moderate,Falls,0,2024-02-19,Recovered
284,3366,2113,2021-06-06,Decreased respiratory rate requiring monitoring,Mild,Respiratory depression,0,2021-06-08,Recovered
285,3378,2119,2026-03-30,Fine hand tremor following dosing,Moderate,Tremor,0,2026-04-02,Under evaluation
286,3404,2133,2023-11-15,Facial and lip swelling with mild airway compromise,Mild,Angioedema,0,2023-11-20,Recovered
287,3406,2134,2026-07-25,Excessive daytime somnolence,Moderate,Sedation,0,2026-07-28,Under evaluation
288,3415,2141,2026-03-12,Unexplained leukopenia on follow-up labs,Mild,Bone marrow suppression,0,2026-03-17,Recovered
289,3422,2145,2024-12-08,Acute rise in serum creatinine,Moderate,Nephrotoxicity,0,2024-12-12,Ongoing
290,3426,2148,2025-10-07,New-onset elevated glucose readings,Mild,Hyperglycemia,0,2025-10-10,Recovered
291,3441,2161,2022-07-15,Gastrointestinal bleeding requiring transfusion,Severe,Major hemorrhage,1,2022-07-18,Sequelae
292,3449,2167,2026-07-19,Low serum magnesium on routine labs,Mild,Hypomagnesemia,0,2026-07-22,Recovered
293,3454,2169,2026-05-30,Excessive daytime somnolence,Moderate,Sedation,0,2026-06-04,Ongoing
294,3470,2180,2022-10-21,Orthostatic hypotension with dizziness,Moderate,Dehydration,0,2022-10-22,Recovered
295,3472,2181,2023-09-19,Persistent non-productive cough unresponsive to antitussives,Moderate,Dry cough,0,2023-09-22,Recovered
296,3484,2189,2025-06-26,Diffuse muscle pain with elevated creatine kinase,Moderate,Myalgia,0,2025-06-26,Recovered
297,3495,2194,2024-02-22,Acute hypotension and airway swelling after dose,Mild,Anaphylaxis,0,2024-02-26,Recovered
298,3537,2227,2025-09-10,New-onset tremor and rigidity,Mild,Extrapyramidal symptoms,0,2025-09-10,Recovered
299,3541,2231,2026-04-17,Rise in creatinine during therapy,Moderate,Nephrotoxicity,0,2026-04-22,Under evaluation
300,3553,2240,2025-11-01,Severe opioid-induced constipation,Mild,Constipation,0,2025-11-04,Recovered
301,3584,2258,2024-03-01,Steroid-induced irritability and insomnia,Mild,Mood disturbance,0,2024-03-06,Recovered
302,3585,2258,2025-09-28,Rapid weight gain over follow-up period,Mild,Weight gain,0,2025-10-03,Recovered
303,3587,2259,2025-12-10,Rapid weight gain over follow-up period,Mild,Weight gain,0,2025-12-13,Recovered
304,3591,2264,2023-02-09,Generalized urticaria and pruritus,Mild,Allergic skin reaction,0,2023-02-12,Recovered
305,3604,2269,2025-12-20,Refractory chemotherapy-induced emesis,Moderate,Nausea and vomiting,0,2025-12-20,Recovered
306,3612,2273,2026-08-06,Refractory chemotherapy-induced emesis,Fatal,Nausea and vomiting,0,2026-08-08,Fatal
307,3616,2274,2024-10-21,Extensive spontaneous bruising on limbs,Severe,Bruising,1,2024-10-21,Ongoing
308,3621,2277,2026-07-17,Persistent non-productive cough unresponsive to antitussives,Moderate,Dry cough,0,2026-07-18,Ongoing
309,3635,2285,2026-04-22,Gastrointestinal bleeding requiring transfusion,Mild,Major hemorrhage,0,2026-04-25,Recovered
310,3644,2291,2024-05-03,Upper GI hemorrhage with hematemesis,Moderate,Gastrointestinal bleeding,0,2024-05-08,Under evaluation
311,3670,2306,2025-11-22,New-onset tremor and rigidity,Moderate,Extrapyramidal symptoms,0,2025-11-23,Under evaluation
312,3671,2306,2026-05-02,Severe drop in absolute neutrophil count,Moderate,Neutropenia,0,2026-05-07,Recovered
313,3673,2307,2024-02-21,Persistent nausea and diarrhea after dosing,Moderate,Gastrointestinal upset,0,2024-02-24,Ongoing
314,3675,2308,2025-01-23,Facial and lip swelling with mild airway compromise,Mild,Angioedema,0,2025-01-23,Recovered
315,3683,2313,2026-06-15,Low serum magnesium on routine labs,Mild,Hypomagnesemia,0,2026-06-18,Under evaluation
316,3689,2318,2021-12-26,Orthostatic hypotension with dizziness,Moderate,Dehydration,0,2021-12-27,Under evaluation
317,3690,2319,2026-05-25,Gastrointestinal bleeding requiring transfusion,Severe,Major hemorrhage,1,2026-05-29,Recovered
318,3692,2321,2024-06-18,New-onset persistent fatigue,Mild,Fatigue,0,2024-06-21,Recovered
319,3707,2334,2026-07-14,New-onset sleep disturbance after starting therapy,Moderate,Insomnia,0,2026-07-14,Under evaluation
320,3727,2351,2026-03-08,Sleep disturbance following dose adjustment,Mild,Insomnia,0,2026-03-08,Under evaluation
321,3733,2355,2026-07-13,"Agitation, tremor and hyperreflexia",Moderate,Serotonin syndrome,0,2026-07-17,Ongoing
322,3744,2363,2023-05-30,New-onset elevated glucose readings,Mild,Hyperglycemia,0,2023-06-02,Under evaluation
323,3749,2366,2025-12-02,Generalized urticaria and pruritus,Mild,Allergic skin reaction,0,2025-12-07,Under evaluation
324,3754,2370,2026-06-05,New-onset tachyarrhythmia after dose increase,Moderate,Palpitations,0,2026-06-05,Recovered
325,3781,2388,2026-02-08,Rapid weight gain over follow-up period,Mild,Weight gain,0,2026-02-09,Recovered
326,3817,2408,2024-09-17,Upper GI hemorrhage with hematemesis,Severe,Gastrointestinal bleeding,1,2024-09-18,Sequelae
327,3825,2412,2026-03-19,Fine hand tremor following dosing,Mild,Tremor,0,2026-03-19,Recovered
328,3838,2420,2026-06-22,Excessive daytime somnolence,Mild,Sedation,0,2026-06-24,Recovered
329,3842,2421,2026-06-20,Severe opioid-induced constipation,Mild,Constipation,0,2026-06-21,Under evaluation
330,3848,2426,2026-03-12,Extensive spontaneous bruising on limbs,Fatal,Bruising,1,2026-03-15,Fatal
331,3854,2430,2026-08-04,New lower-limb swelling,Severe,Peripheral edema,1,2026-08-07,Ongoing
332,3855,2430,2026-04-16,Refractory chemotherapy-induced emesis,Mild,Nausea and vomiting,0,2026-04-20,Recovered
333,3858,2431,2021-04-06,Refractory chemotherapy-induced emesis,Moderate,Nausea and vomiting,0,2021-04-06,Ongoing
334,3863,2432,2024-01-21,Extensive spontaneous bruising on limbs,Moderate,Bruising,0,2024-01-22,Recovered
335,3888,2445,2026-08-08,Excessive daytime somnolence,Mild,Sedation,0,2026-08-12,Recovered
336,3897,2451,2026-02-01,Refractory chemotherapy-induced emesis,Mild,Nausea and vomiting,0,2026-02-04,Recovered
337,3899,2452,2022-02-06,Localized redness and swelling at injection site,Mild,Injection site reaction,0,2022-02-09,Recovered
338,3909,2459,2026-01-27,Low serum potassium on routine labs,Mild,Hypokalemia,0,2026-01-28,Under evaluation
339,3969,2499,2025-10-21,Upper GI hemorrhage with hematemesis,Mild,Gastrointestinal bleeding,0,2025-10-24,Recovered
340,4004,2523,2026-03-30,Excessive daytime somnolence,Mild,Sedation,0,2026-04-01,Recovered
341,4015,2528,2026-05-09,Extensive spontaneous bruising on limbs,Fatal,Bruising,0,2026-05-12,Fatal
342,4041,2545,2025-05-11,New-onset tachyarrhythmia after dose increase,Mild,Palpitations,0,2025-05-13,Recovered
343,4067,2565,2023-11-29,Recurrent headache following dose escalation,Moderate,Headache,0,2023-12-02,Recovered
344,4070,2567,2026-01-22,"Agitation, tremor and hyperreflexia",Moderate,Serotonin syndrome,0,2026-01-23,Recovered
345,4107,2592,2024-08-13,Steroid-induced irritability and insomnia,Mild,Mood disturbance,0,2024-08-16,Recovered
346,4121,2600,2022-05-17,Acute hypotension and airway swelling after dose,Moderate,Anaphylaxis,0,2022-05-17,Under evaluation
347,4153,2626,2024-06-08,Extensive spontaneous bruising on limbs,Mild,Bruising,0,2024-06-12,Recovered
348,4159,2631,2026-07-09,New-onset elevated glucose readings,Moderate,Hyperglycemia,0,2026-07-12,Recovered
349,4185,2652,2025-08-19,Decreased respiratory rate requiring monitoring,Severe,Respiratory depression,1,2025-08-20,Sequelae
350,4201,2662,2026-07-31,Orthostatic hypotension with dizziness,Moderate,Dehydration,0,2026-07-31,Ongoing
351,4209,2666,2023-07-26,Extensive spontaneous bruising on limbs,Mild,Bruising,0,2023-07-30,Recovered
352,4218,2671,2025-03-01,Unexplained leukopenia on follow-up labs,Mild,Bone marrow suppression,0,2025-03-03,Recovered
353,4237,2682,2024-09-25,Rise in serum creatinine after treatment start,Moderate,Acute kidney injury,0,2024-09-28,Under evaluation
354,4245,2684,2026-08-10,Rise in serum creatinine after treatment start,Mild,Acute kidney injury,0,2026-08-11,Recovered
355,4259,2696,2026-06-27,Severe drop in absolute neutrophil count,Mild,Neutropenia,0,2026-06-29,Recovered
356,4265,2700,2024-01-13,Extensive spontaneous bruising on limbs,Severe,Bruising,0,2024-01-18,Ongoing
357,4267,2700,2025-05-19,Low serum magnesium on routine labs,Moderate,Hypomagnesemia,0,2025-05-21,Under evaluation
358,4288,2714,2026-08-16,Acute hypotension and airway swelling after dose,Mild,Anaphylaxis,0,2026-08-17,Recovered
359,4345,2746,2026-02-14,Acute rise in serum creatinine,Moderate,Nephrotoxicity,0,2026-02-14,Recovered
360,4367,2761,2025-11-07,Orthostatic hypotension with dizziness,Mild,Dehydration,0,2025-11-11,Recovered
361,4369,2762,2023-01-18,"Agitation, tremor and hyperreflexia",Mild,Serotonin syndrome,0,2023-01-23,Recovered
362,4375,2765,2024-09-13,Unexplained leukopenia on follow-up labs,Moderate,Bone marrow suppression,0,2024-09-16,Ongoing
363,4382,2769,2024-01-21,Persistent nausea and diarrhea after dosing,Mild,Gastrointestinal upset,0,2024-01-23,Recovered
364,4394,2776,2022-10-06,Steroid-induced irritability and insomnia,Moderate,Mood disturbance,0,2022-10-07,Recovered
365,4395,2777,2026-01-02,Blood glucose below 50 mg/dL with symptoms,Moderate,Hypoglycemia,0,2026-01-06,Under evaluation
366,4418,2793,2023-03-05,"Agitation, tremor and hyperreflexia",Moderate,Serotonin syndrome,0,2023-03-10,Ongoing
367,4465,2818,2026-04-03,Refractory chemotherapy-induced emesis,Moderate,Nausea and vomiting,0,2026-04-08,Under evaluation
368,4469,2821,2024-01-30,New-onset elevated glucose readings,Moderate,Hyperglycemia,0,2024-01-30,Ongoing
369,4481,2826,2026-07-28,Low serum magnesium on routine labs,Mild,Hypomagnesemia,0,2026-08-01,Recovered
370,4501,2839,2026-07-28,Unwitnessed fall attributed to sedation,Severe,Falls,1,2026-08-01,Recovered
371,4510,2848,2023-02-20,Unwitnessed fall attributed to sedation,Moderate,Falls,0,2023-02-22,Under evaluation
372,4513,2851,2026-03-16,New infection attributable to immunosuppression,Fatal,Opportunistic infection,1,2026-03-19,Fatal
373,4526,2863,2025-04-01,Upper GI hemorrhage with hematemesis,Severe,Gastrointestinal bleeding,1,2025-04-03,Recovered
374,4562,2883,2022-07-04,Orthostatic hypotension with dizziness,Severe,Dehydration,0,2022-07-08,Sequelae
375,4575,2889,2025-12-09,Upper GI hemorrhage with hematemesis,Moderate,Gastrointestinal bleeding,0,2025-12-13,Under evaluation
376,4589,2899,2024-12-11,Low serum magnesium on routine labs,Fatal,Hypomagnesemia,1,2024-12-16,Fatal
377,4594,2903,2024-09-19,Symptomatic drop in blood pressure,Moderate,Hypotension,0,2024-09-24,Ongoing
378,4600,2906,2024-10-05,Upper GI hemorrhage with hematemesis,Fatal,Gastrointestinal bleeding,1,2024-10-10,Fatal
379,4605,2910,2022-12-08,Upper GI hemorrhage with hematemesis,Severe,Gastrointestinal bleeding,1,2022-12-10,Ongoing
380,4614,2919,2026-02-12,"Agitation, tremor and hyperreflexia",Mild,Serotonin syndrome,0,2026-02-17,Under evaluation
381,4618,2920,2022-03-27,"Agitation, tremor and hyperreflexia",Moderate,Serotonin syndrome,0,2022-03-31,Ongoing
382,4664,2952,2025-09-26,Steroid-induced irritability and insomnia,Moderate,Mood disturbance,0,2025-10-01,Under evaluation
383,4703,2975,2026-07-14,Severe opioid-induced constipation,Severe,Constipation,1,2026-07-16,Sequelae
384,4714,2981,2025-03-12,New lower-limb swelling,Fatal,Peripheral edema,0,2025-03-16,Fatal
385,4737,2992,2023-05-13,Rise in serum creatinine after treatment start,Moderate,Acute kidney injury,0,2023-05-15,Recovered
386,4763,3011,2022-01-11,Severe drop in absolute neutrophil count,Moderate,Neutropenia,0,2022-01-15,Recovered
387,4781,3020,2023-09-03,Severe opioid-induced constipation,Mild,Constipation,0,2023-09-07,Recovered
388,4786,3026,2022-10-05,New-onset tremor and rigidity,Mild,Extrapyramidal symptoms,0,2022-10-06,Recovered
389,4790,3028,2024-07-28,New-onset sleep disturbance after starting therapy,Severe,Insomnia,0,2024-07-30,Ongoing
390,4804,3036,2026-05-23,Orthostatic hypotension with dizziness,Moderate,Dehydration,0,2026-05-24,Recovered
391,4809,3039,2022-10-05,New-onset tachyarrhythmia after dose increase,Moderate,Palpitations,0,2022-10-05,Recovered
392,4813,3041,2025-06-06,Excessive daytime somnolence,Severe,Sedation,1,2025-06-08,Recovered
393,4824,3051,2025-02-01,New-onset sleep disturbance after starting therapy,Mild,Insomnia,0,2025-02-05,Under evaluation
394,4838,3058,2026-03-10,Steroid-induced irritability and insomnia,Mild,Mood disturbance,0,2026-03-11,Recovered
395,4841,3062,2025-02-12,Extensive spontaneous bruising on limbs,Moderate,Bruising,0,2025-02-12,Recovered
396,4868,3077,2025-01-27,Gastrointestinal bleeding requiring transfusion,Severe,Major hemorrhage,1,2025-02-01,Sequelae
397,4877,3084,2024-02-16,Gastrointestinal bleeding requiring transfusion,Moderate,Major hemorrhage,0,2024-02-20,Recovered
398,4880,3084,2024-06-12,Acute hypotension and airway swelling after dose,Moderate,Anaphylaxis,0,2024-06-12,Recovered
399,4906,3101,2026-03-22,Severe opioid-induced constipation,Moderate,Constipation,0,2026-03-25,Recovered
400,4908,3102,2025-12-10,Decreased respiratory rate requiring monitoring,Severe,Respiratory depression,0,2025-12-12,Recovered
401,4949,3127,2023-06-12,Symptomatic low heart rate,Moderate,Bradycardia,0,2023-06-17,Under evaluation
402,4956,3131,2026-06-11,Gastrointestinal bleeding requiring transfusion,Severe,Major hemorrhage,1,2026-06-14,Ongoing
403,4961,3135,2022-06-01,Acute rise in serum creatinine,Mild,Nephrotoxicity,0,2022-06-03,Recovered
404,4964,3138,2025-12-25,New-onset tachyarrhythmia after dose increase,Moderate,Palpitations,0,2025-12-25,Recovered
405,4968,3140,2024-09-22,Steroid-induced irritability and insomnia,Severe,Mood disturbance,1,2024-09-24,Recovered
406,4996,3154,2026-04-23,Transaminases elevated 3x upper limit of normal,Moderate,Hepatotoxicity,0,2026-04-24,Under evaluation
407,5011,3166,2026-06-21,New-onset elevated glucose readings,Moderate,Hyperglycemia,0,2026-06-23,Recovered
408,5039,3181,2023-08-14,New lower-limb swelling,Severe,Peripheral edema,0,2023-08-19,Ongoing
409,5042,3182,2025-08-10,Rise in serum creatinine after treatment start,Mild,Acute kidney injury,0,2025-08-13,Recovered
410,5066,3198,2026-06-20,Elevated liver transaminases on routine panel,Mild,Hepatotoxicity,0,2026-06-20,Recovered
411,5085,3209,2026-06-01,Upper GI hemorrhage with hematemesis,Moderate,Gastrointestinal bleeding,0,2026-06-01,Under evaluation
412,5094,3214,2026-05-09,Orthostatic hypotension with dizziness,Severe,Dehydration,0,2026-05-14,Ongoing
413,5120,3229,2022-01-30,Persistent nausea and diarrhea after dosing,Mild,Gastrointestinal upset,0,2022-01-30,Recovered
414,5138,3240,2025-05-14,New-onset tachyarrhythmia after dose increase,Mild,Palpitations,0,2025-05-18,Under evaluation
415,5150,3246,2025-01-23,Rise in serum creatinine after treatment start,Moderate,Acute kidney injury,0,2025-01-23,Recovered
416,5161,3254,2025-07-15,New-onset sleep disturbance after starting therapy,Mild,Insomnia,0,2025-07-15,Recovered
417,5165,3256,2026-08-07,Extensive spontaneous bruising on limbs,Fatal,Bruising,1,2026-08-08,Fatal
418,5176,3262,2024-08-07,Acute hypotension and airway swelling after dose,Severe,Anaphylaxis,1,2024-08-12,Recovered
419,5177,3262,2025-12-04,Unwitnessed fall attributed to sedation,Mild,Falls,0,2025-12-08,Recovered
420,5180,3264,2024-08-24,New-onset tachyarrhythmia after dose increase,Severe,Palpitations,1,2024-08-27,Ongoing
421,5185,3267,2024-11-15,Refractory chemotherapy-induced emesis,Moderate,Nausea and vomiting,0,2024-11-17,Recovered
422,5188,3268,2024-06-05,New-onset elevated glucose readings,Severe,Hyperglycemia,1,2024-06-10,Recovered
423,5197,3274,2025-09-09,Gastrointestinal bleeding requiring transfusion,Moderate,Major hemorrhage,0,2025-09-14,Recovered
424,5201,3277,2024-08-06,Steroid-induced irritability and insomnia,Moderate,Mood disturbance,0,2024-08-11,Recovered
425,5208,3281,2023-07-26,Severe opioid-induced constipation,Moderate,Constipation,0,2023-07-30,Under evaluation
426,5211,3283,2025-09-17,Unexplained leukopenia on follow-up labs,Severe,Bone marrow suppression,1,2025-09-18,Ongoing
427,5218,3289,2025-04-05,New-onset tremor and rigidity,Moderate,Extrapyramidal symptoms,0,2025-04-09,Recovered
428,5230,3293,2024-10-06,New-onset persistent fatigue,Moderate,Fatigue,0,2024-10-09,Under evaluation
429,5231,3294,2024-12-16,Steroid-induced irritability and insomnia,Mild,Mood disturbance,0,2024-12-21,Under evaluation
430,5258,3307,2023-07-24,Facial and lip swelling with mild airway compromise,Mild,Angioedema,0,2023-07-29,Recovered
431,5268,3314,2023-05-19,Severe opioid-induced constipation,Severe,Constipation,1,2023-05-24,Recovered
432,5283,3323,2026-05-06,Steroid-induced irritability and insomnia,Moderate,Mood disturbance,0,2026-05-10,Under evaluation
433,5290,3330,2025-01-12,Severe opioid-induced constipation,Severe,Constipation,0,2025-01-12,Ongoing
434,5303,3337,2023-03-17,Low serum potassium on routine labs,Moderate,Hypokalemia,0,2023-03-17,Ongoing
435,5307,3340,2024-05-10,Orthostatic hypotension with dizziness,Mild,Dehydration,0,2024-05-13,Recovered
436,5309,3340,2025-09-10,Upper GI hemorrhage with hematemesis,Mild,Gastrointestinal bleeding,0,2025-09-10,Recovered
437,5325,3352,2026-02-26,Steroid-induced irritability and insomnia,Moderate,Mood disturbance,0,2026-02-27,Recovered
438,5326,3352,2025-01-21,New-onset elevated glucose readings,Moderate,Hyperglycemia,0,2025-01-25,Under evaluation
439,5328,3352,2026-02-16,New infection attributable to immunosuppression,Moderate,Opportunistic infection,0,2026-02-20,Recovered
440,5355,3366,2025-09-20,Excessive daytime somnolence,Moderate,Sedation,0,2025-09-20,Ongoing
441,5359,3367,2025-09-06,Sleep disturbance following dose adjustment,Severe,Insomnia,0,2025-09-06,Ongoing
442,5367,3371,2026-06-09,Diffuse maculopapular rash,Moderate,Rash,0,2026-06-13,Under evaluation
443,5375,3377,2026-03-28,Steroid-induced irritability and insomnia,Severe,Mood disturbance,1,2026-03-28,Recovered
444,5382,3381,2026-01-28,Generalized urticaria and pruritus,Severe,Allergic skin reaction,1,2026-01-30,Recovered
445,5412,3398,2023-12-22,New-onset elevated glucose readings,Moderate,Hyperglycemia,0,2023-12-25,Under evaluation
446,5427,3406,2026-05-29,Excessive daytime somnolence,Moderate,Sedation,0,2026-06-02,Ongoing
447,5432,3411,2025-04-29,Facial and lip swelling with mild airway compromise,Mild,Angioedema,0,2025-05-03,Recovered
448,5436,3413,2023-07-11,New-onset elevated glucose readings,Moderate,Hyperglycemia,0,2023-07-12,Recovered
449,5437,3413,2023-08-13,Unexplained leukopenia on follow-up labs,Severe,Bone marrow suppression,1,2023-08-17,Sequelae
450,5439,3415,2024-09-11,Decreased respiratory rate requiring monitoring,Mild,Respiratory depression,0,2024-09-15,Recovered
451,5451,3424,2025-08-03,Rise in serum creatinine after treatment start,Severe,Acute kidney injury,1,2025-08-04,Ongoing
452,5463,3432,2026-07-30,Gastrointestinal bleeding requiring transfusion,Fatal,Major hemorrhage,1,2026-07-30,Fatal
453,5476,3438,2021-05-29,Steroid-induced irritability and insomnia,Moderate,Mood disturbance,0,2021-05-30,Recovered
454,5482,3442,2024-04-19,"Agitation, tremor and hyperreflexia",Mild,Serotonin syndrome,0,2024-04-19,Recovered
455,5487,3445,2026-03-29,Upper GI hemorrhage with hematemesis,Moderate,Gastrointestinal bleeding,0,2026-04-01,Recovered
456,5498,3452,2022-08-15,Extensive spontaneous bruising on limbs,Severe,Bruising,1,2022-08-17,Ongoing
457,5501,3453,2026-03-26,Steroid-induced irritability and insomnia,Moderate,Mood disturbance,0,2026-03-29,Ongoing
458,5542,3485,2026-01-16,Low serum potassium on routine labs,Mild,Hypokalemia,0,2026-01-18,Under evaluation
459,5562,3500,2022-11-07,Decreased respiratory rate requiring monitoring,Mild,Respiratory depression,0,2022-11-07,Recovered
460,5566,3502,2026-01-12,New lower-limb swelling,Fatal,Peripheral edema,1,2026-01-17,Fatal
461,5622,3542,2024-08-01,Localized redness and swelling at injection site,Mild,Injection site reaction,0,2024-08-05,Under evaluation
462,5629,3545,2023-05-30,Severe drop in absolute neutrophil count,Moderate,Neutropenia,0,2023-06-01,Recovered
463,5653,3558,2025-09-07,"Agitation, tremor and hyperreflexia",Moderate,Serotonin syndrome,0,2025-09-12,Recovered
464,5695,3587,2025-09-14,Severe opioid-induced constipation,Moderate,Constipation,0,2025-09-18,Recovered
465,5696,3589,2024-04-16,Extensive spontaneous bruising on limbs,Moderate,Bruising,0,2024-04-20,Recovered
466,5753,3628,2025-12-14,Upper GI hemorrhage with hematemesis,Mild,Gastrointestinal bleeding,0,2025-12-16,Recovered
467,5754,3628,2026-02-01,Severe drop in absolute neutrophil count,Moderate,Neutropenia,0,2026-02-04,Under evaluation
468,5758,3632,2026-01-31,Extensive spontaneous bruising on limbs,Severe,Bruising,1,2026-02-02,Ongoing
469,5761,3633,2023-05-22,Diffuse muscle pain with elevated creatine kinase,Mild,Myalgia,0,2023-05-27,Recovered
470,5799,3656,2025-08-14,Transaminases elevated 3x upper limit of normal,Mild,Hepatotoxicity,0,2025-08-17,Recovered
471,5838,3679,2026-05-12,Gastrointestinal bleeding requiring transfusion,Mild,Major hemorrhage,0,2026-05-17,Recovered
472,5840,3680,2025-04-16,Diffuse muscle pain with elevated creatine kinase,Moderate,Myalgia,0,2025-04-19,Recovered
473,5852,3685,2026-01-16,Generalized urticaria and pruritus,Mild,Allergic skin reaction,0,2026-01-19,Recovered
474,5862,3691,2025-10-06,Facial and lip swelling with mild airway compromise,Severe,Angioedema,1,2025-10-08,Sequelae
475,5867,3693,2025-09-05,Facial and lip swelling with mild airway compromise,Moderate,Angioedema,0,2025-09-09,Under evaluation
476,5872,3695,2026-06-13,Extensive spontaneous bruising on limbs,Mild,Bruising,0,2026-06-14,Under evaluation
477,5875,3697,2023-01-06,Symptomatic low heart rate,Moderate,Bradycardia,0,2023-01-10,Recovered
478,5884,3703,2026-01-10,Unexplained leukopenia on follow-up labs,Fatal,Bone marrow suppression,1,2026-01-10,Fatal
479,5905,3717,2026-07-07,Rapid weight gain over follow-up period,Severe,Weight gain,1,2026-07-08,Recovered
480,5914,3722,2026-04-09,Rise in serum creatinine after treatment start,Mild,Acute kidney injury,0,2026-04-11,Recovered
481,5916,3724,2026-06-17,Severe drop in absolute neutrophil count,Severe,Neutropenia,1,2026-06-18,Sequelae
482,5919,3726,2025-09-25,Extensive spontaneous bruising on limbs,Fatal,Bruising,0,2025-09-28,Fatal
483,5935,3733,2025-10-23,Decreased respiratory rate requiring monitoring,Severe,Respiratory depression,1,2025-10-23,Ongoing
484,5978,3762,2025-06-26,Blood glucose below 50 mg/dL with symptoms,Severe,Hypoglycemia,0,2025-06-30,Ongoing
485,5990,3769,2025-07-21,Low serum potassium on routine labs,Mild,Hypokalemia,0,2025-07-21,Under evaluation
486,6014,3790,2022-04-14,Refractory chemotherapy-induced emesis,Moderate,Nausea and vomiting,0,2022-04-16,Under evaluation
487,6015,3790,2026-07-23,Unexplained leukopenia on follow-up labs,Moderate,Bone marrow suppression,0,2026-07-27,Recovered
488,6024,3796,2025-08-24,Recurrent headache following dose escalation,Mild,Headache,0,2025-08-28,Recovered
489,6027,3798,2025-12-19,Unexplained leukopenia on follow-up labs,Moderate,Bone marrow suppression,0,2025-12-24,Recovered
490,6029,3801,2024-07-27,Transaminases elevated 3x upper limit of normal,Moderate,Hepatotoxicity,0,2024-07-28,Recovered
491,6031,3802,2024-06-20,Diffuse muscle pain with elevated creatine kinase,Moderate,Myalgia,0,2024-06-20,Recovered
492,6032,3803,2023-09-24,Refractory chemotherapy-induced emesis,Moderate,Nausea and vomiting,0,2023-09-26,Ongoing
493,6033,3803,2026-03-19,Diffuse muscle pain with elevated creatine kinase,Moderate,Myalgia,0,2026-03-22,Recovered
494,6053,3815,2025-11-01,Acute rise in serum creatinine,Moderate,Nephrotoxicity,0,2025-11-02,Recovered
495,6057,3818,2024-12-14,Excessive daytime somnolence,Moderate,Sedation,0,2024-12-17,Under evaluation
496,6071,3829,2026-02-27,Persistent nausea and diarrhea after dosing,Mild,Gastrointestinal upset,0,2026-03-01,Recovered
497,6074,3831,2023-10-19,Rise in serum creatinine after treatment start,Mild,Acute kidney injury,0,2023-10-23,Under evaluation
498,6075,3831,2025-01-03,Severe drop in absolute neutrophil count,Mild,Neutropenia,0,2025-01-06,Recovered
499,6093,3845,2026-05-31,Metabolic acidosis with elevated lactate,Moderate,Lactic acidosis,0,2026-06-01,Under evaluation
500,6106,3854,2025-10-31,Decreased respiratory rate requiring monitoring,Severe,Respiratory depression,1,2025-11-03,Ongoing
501,6118,3862,2026-05-21,Sleep disturbance following dose adjustment,Severe,Insomnia,1,2026-05-23,Sequelae
502,6132,3869,2026-03-05,New-onset tremor and rigidity,Moderate,Extrapyramidal symptoms,0,2026-03-07,Recovered
503,6133,3871,2025-11-11,Gastrointestinal bleeding requiring transfusion,Severe,Major hemorrhage,1,2025-11-11,Recovered
504,6141,3877,2026-03-07,Refractory chemotherapy-induced emesis,Moderate,Nausea and vomiting,0,2026-03-11,Recovered
505,6148,3880,2021-03-20,Steroid-induced irritability and insomnia,Mild,Mood disturbance,0,2021-03-21,Recovered
506,6150,3881,2026-05-30,Orthostatic hypotension with dizziness,Moderate,Dehydration,0,2026-05-31,Under evaluation
507,6169,3894,2025-01-28,Localized redness and swelling at injection site,Moderate,Injection site reaction,0,2025-02-02,Ongoing
508,6191,3908,2025-10-08,Severe drop in absolute neutrophil count,Moderate,Neutropenia,0,2025-10-12,Recovered
509,6211,3920,2024-05-06,Steroid-induced irritability and insomnia,Moderate,Mood disturbance,0,2024-05-10,Ongoing
510,6233,3934,2021-05-20,Rise in serum creatinine after treatment start,Severe,Acute kidney injury,0,2021-05-24,Recovered
511,6245,3946,2026-01-26,New-onset sleep disturbance after starting therapy,Severe,Insomnia,0,2026-01-29,Ongoing
512,6267,3958,2021-09-23,Rise in creatinine during therapy,Mild,Nephrotoxicity,0,2021-09-25,Recovered
513,6312,3988,2023-09-01,New-onset sleep disturbance after starting therapy,Mild,Insomnia,0,2023-09-01,Recovered
514,6328,3999,2025-11-22,Diffuse maculopapular rash,Severe,Rash,1,2025-11-26,Recovered
515,6349,4013,2025-10-05,Excessive daytime somnolence,Moderate,Sedation,0,2025-10-07,Recovered
516,6377,4034,2024-02-04,Rise in serum creatinine after treatment start,Mild,Acute kidney injury,0,2024-02-07,Recovered
517,6384,4037,2025-09-14,New-onset elevated glucose readings,Severe,Hyperglycemia,1,2025-09-17,Ongoing
518,6385,4037,2026-03-18,Symptomatic low heart rate,Mild,Bradycardia,0,2026-03-20,Under evaluation
519,6393,4043,2024-03-17,New lower-limb swelling,Mild,Peripheral edema,0,2024-03-20,Recovered
520,6402,4046,2026-04-22,Extensive spontaneous bruising on limbs,Mild,Bruising,0,2026-04-23,Recovered
521,6414,4053,2022-08-06,New-onset tremor and rigidity,Mild,Extrapyramidal symptoms,0,2022-08-07,Under evaluation
522,6438,4072,2023-03-18,Acute hypotension and airway swelling after dose,Moderate,Anaphylaxis,0,2023-03-22,Ongoing
523,6453,4086,2026-07-18,Orthostatic hypotension with dizziness,Mild,Dehydration,0,2026-07-19,Recovered
524,6463,4089,2026-06-03,Gastrointestinal bleeding requiring transfusion,Severe,Major hemorrhage,1,2026-06-06,Recovered
525,6465,4091,2022-11-09,Unexplained leukopenia on follow-up labs,Moderate,Bone marrow suppression,0,2022-11-14,Under evaluation
526,6477,4095,2025-07-07,Unexplained leukopenia on follow-up labs,Severe,Bone marrow suppression,1,2025-07-11,Sequelae
527,6485,4099,2024-06-10,New-onset sleep disturbance after starting therapy,Mild,Insomnia,0,2024-06-13,Recovered
528,6491,4102,2025-10-28,Low serum magnesium on routine labs,Mild,Hypomagnesemia,0,2025-10-29,Recovered
529,6494,4105,2023-05-20,Severe opioid-induced constipation,Severe,Constipation,1,2023-05-25,Recovered
530,6500,4108,2026-01-28,Diffuse muscle pain with elevated creatine kinase,Moderate,Myalgia,0,2026-01-31,Under evaluation
531,6516,4117,2024-07-31,"Agitation, tremor and hyperreflexia",Severe,Serotonin syndrome,1,2024-08-04,Ongoing
532,6531,4127,2025-08-12,Orthostatic hypotension with dizziness,Moderate,Dehydration,0,2025-08-12,Recovered
533,6532,4128,2026-03-31,Diffuse muscle pain with elevated creatine kinase,Severe,Myalgia,0,2026-04-02,Ongoing
534,6536,4132,2026-07-31,Extensive spontaneous bruising on limbs,Mild,Bruising,0,2026-08-01,Recovered
535,6550,4140,2026-02-26,New-onset elevated glucose readings,Severe,Hyperglycemia,1,2026-02-28,Recovered
536,6573,4159,2022-03-05,Generalized urticaria and pruritus,Severe,Allergic skin reaction,1,2022-03-06,Ongoing
537,6586,4169,2024-11-08,Facial and lip swelling with mild airway compromise,Moderate,Angioedema,0,2024-11-09,Recovered
538,6610,4185,2026-03-10,New-onset tremor and rigidity,Severe,Extrapyramidal symptoms,1,2026-03-15,Sequelae
539,6620,4193,2023-12-31,Blood glucose below 50 mg/dL with symptoms,Mild,Hypoglycemia,0,2024-01-02,Recovered
540,6650,4213,2025-10-11,New-onset persistent fatigue,Moderate,Fatigue,0,2025-10-16,Ongoing
541,6654,4214,2024-04-07,Rise in serum creatinine after treatment start,Severe,Acute kidney injury,1,2024-04-08,Recovered
542,6655,4215,2026-07-25,Unexplained leukopenia on follow-up labs,Moderate,Bone marrow suppression,0,2026-07-30,Recovered
543,6662,4219,2023-07-17,Localized redness and swelling at injection site,Moderate,Injection site reaction,0,2023-07-17,Recovered
544,6682,4237,2025-07-09,Severe drop in absolute neutrophil count,Fatal,Neutropenia,1,2025-07-11,Fatal
545,6699,4247,2025-06-15,Unwitnessed fall attributed to sedation,Severe,Falls,1,2025-06-15,Recovered
546,6702,4248,2025-09-08,Low serum potassium on routine labs,Mild,Hypokalemia,0,2025-09-13,Recovered
547,6706,4249,2021-12-17,Orthostatic hypotension with dizziness,Mild,Dehydration,0,2021-12-20,Recovered
548,6735,4276,2024-08-18,Acute hypotension and airway swelling after dose,Moderate,Anaphylaxis,0,2024-08-23,Recovered
549,6740,4280,2026-07-29,Facial and lip swelling with mild airway compromise,Severe,Angioedema,0,2026-08-02,Recovered
550,6744,4285,2022-05-22,Steroid-induced irritability and insomnia,Moderate,Mood disturbance,0,2022-05-23,Recovered
551,6746,4287,2026-04-18,Acute rise in serum creatinine,Moderate,Nephrotoxicity,0,2026-04-22,Ongoing
552,6750,4289,2026-06-26,New-onset elevated glucose readings,Mild,Hyperglycemia,0,2026-06-30,Recovered
553,6755,4292,2023-01-21,Generalized urticaria and pruritus,Mild,Allergic skin reaction,0,2023-01-25,Recovered
554,6759,4294,2025-05-14,Refractory chemotherapy-induced emesis,Mild,Nausea and vomiting,0,2025-05-16,Recovered
555,6762,4297,2026-07-12,Refractory chemotherapy-induced emesis,Severe,Nausea and vomiting,1,2026-07-14,Recovered
556,6765,4299,2024-06-03,New infection attributable to immunosuppression,Fatal,Opportunistic infection,1,2024-06-07,Fatal
557,6788,4315,2024-09-02,Decreased respiratory rate requiring monitoring,Mild,Respiratory depression,0,2024-09-06,Recovered
558,6790,4318,2024-09-10,Transaminases elevated 3x upper limit of normal,Severe,Hepatotoxicity,1,2024-09-15,Recovered
559,6808,4328,2026-05-27,Extensive spontaneous bruising on limbs,Moderate,Bruising,0,2026-05-30,Under evaluation
560,6831,4341,2023-11-06,Extensive spontaneous bruising on limbs,Moderate,Bruising,0,2023-11-06,Recovered
561,6853,4350,2026-04-23,Diffuse muscle pain with elevated creatine kinase,Mild,Myalgia,0,2026-04-26,Recovered
562,6860,4357,2025-08-25,Refractory chemotherapy-induced emesis,Moderate,Nausea and vomiting,0,2025-08-28,Recovered
563,6869,4360,2026-06-22,Excessive daytime somnolence,Moderate,Sedation,0,2026-06-24,Ongoing
564,6888,4372,2022-02-12,Excessive daytime somnolence,Severe,Sedation,1,2022-02-13,Sequelae
565,6897,4382,2025-05-19,Severe opioid-induced constipation,Severe,Constipation,1,2025-05-24,Sequelae
566,6905,4389,2024-04-09,Extensive spontaneous bruising on limbs,Moderate,Bruising,0,2024-04-12,Under evaluation
567,6941,4412,2023-01-07,Persistent non-productive cough unresponsive to antitussives,Moderate,Dry cough,0,2023-01-08,Ongoing
568,6974,4434,2024-04-09,Steroid-induced irritability and insomnia,Moderate,Mood disturbance,0,2024-04-14,Under evaluation
569,7027,4471,2025-05-05,Steroid-induced irritability and insomnia,Mild,Mood disturbance,0,2025-05-06,Recovered
570,7061,4490,2023-12-11,Gastrointestinal bleeding requiring transfusion,Severe,Major hemorrhage,1,2023-12-15,Ongoing
571,7072,4499,2026-07-02,Low serum potassium on routine labs,Mild,Hypokalemia,0,2026-07-05,Recovered
572,7078,4503,2023-10-06,Excessive daytime somnolence,Mild,Sedation,0,2023-10-08,Under evaluation
573,7081,4504,2024-10-14,New-onset sleep disturbance after starting therapy,Moderate,Insomnia,0,2024-10-15,Recovered
574,7097,4514,2024-03-07,"Agitation, tremor and hyperreflexia",Mild,Serotonin syndrome,0,2024-03-12,Recovered
575,7098,4516,2024-02-28,Rise in serum creatinine after treatment start,Mild,Acute kidney injury,0,2024-03-04,Recovered
576,7112,4526,2024-08-02,Symptomatic low heart rate,Moderate,Bradycardia,0,2024-08-07,Ongoing
577,7113,4526,2026-07-13,Unwitnessed fall attributed to sedation,Fatal,Falls,0,2026-07-18,Fatal
578,7119,4531,2023-11-10,New-onset tremor and rigidity,Moderate,Extrapyramidal symptoms,0,2023-11-12,Recovered
579,7120,4531,2024-04-28,New-onset persistent fatigue,Severe,Fatigue,1,2024-04-28,Recovered
580,7136,4543,2025-09-05,Symptomatic drop in blood pressure,Moderate,Hypotension,0,2025-09-08,Under evaluation
581,7152,4550,2025-10-03,Generalized urticaria and pruritus,Moderate,Allergic skin reaction,0,2025-10-05,Recovered
582,7160,4553,2023-12-19,New-onset tremor and rigidity,Mild,Extrapyramidal symptoms,0,2023-12-23,Recovered
583,7175,4562,2025-07-09,Decreased respiratory rate requiring monitoring,Mild,Respiratory depression,0,2025-07-13,Recovered
584,7192,4574,2026-04-28,Extensive spontaneous bruising on limbs,Moderate,Bruising,0,2026-05-02,Recovered
585,7200,4580,2025-11-07,Localized redness and swelling at injection site,Mild,Injection site reaction,0,2025-11-11,Recovered
586,7212,4588,2023-02-22,Severe opioid-induced constipation,Moderate,Constipation,0,2023-02-22,Recovered
587,7215,4591,2023-01-24,Rise in serum creatinine after treatment start,Mild,Acute kidney injury,0,2023-01-27,Recovered
588,7234,4601,2025-12-28,Generalized urticaria and pruritus,Mild,Allergic skin reaction,0,2025-12-28,Under evaluation
589,7251,4614,2026-01-02,Rise in creatinine during therapy,Moderate,Nephrotoxicity,0,2026-01-06,Recovered
590,7256,4617,2021-10-23,New infection attributable to immunosuppression,Fatal,Opportunistic infection,1,2021-10-24,Fatal
591,7257,4618,2026-06-18,Low serum potassium on routine labs,Mild,Hypokalemia,0,2026-06-20,Recovered
592,7258,4618,2024-11-09,Fine hand tremor following dosing,Moderate,Tremor,0,2024-11-09,Ongoing
593,7268,4629,2024-06-24,Recurrent headache following dose escalation,Mild,Headache,0,2024-06-29,Recovered
594,7272,4631,2025-07-13,New-onset elevated glucose readings,Mild,Hyperglycemia,0,2025-07-18,Recovered
595,7283,4638,2024-07-01,Persistent nausea and diarrhea after dosing,Mild,Gastrointestinal upset,0,2024-07-01,Recovered
596,7293,4644,2026-05-29,Gastrointestinal bleeding requiring transfusion,Mild,Major hemorrhage,0,2026-05-29,Recovered
597,7300,4652,2026-01-05,Severe drop in absolute neutrophil count,Severe,Neutropenia,1,2026-01-10,Ongoing
598,7324,4665,2021-12-25,Gastrointestinal bleeding requiring transfusion,Severe,Major hemorrhage,1,2021-12-25,Ongoing
599,7327,4667,2026-02-10,Recurrent headache following dose escalation,Severe,Headache,1,2026-02-10,Sequelae
600,7370,4694,2020-12-10,New-onset tachyarrhythmia after dose increase,Mild,Palpitations,0,2020-12-11,Recovered
601,7385,4702,2022-02-24,Localized redness and swelling at injection site,Moderate,Injection site reaction,0,2022-03-01,Ongoing
602,7420,4728,2025-02-14,Gastrointestinal bleeding requiring transfusion,Severe,Major hemorrhage,1,2025-02-14,Sequelae
603,7424,4732,2026-06-27,New-onset elevated glucose readings,Moderate,Hyperglycemia,0,2026-06-29,Under evaluation
604,7449,4754,2025-12-25,Decreased respiratory rate requiring monitoring,Fatal,Respiratory depression,1,2025-12-26,Fatal
605,7472,4767,2025-10-10,Steroid-induced irritability and insomnia,Mild,Mood disturbance,0,2025-10-14,Recovered
606,7489,4778,2026-01-26,Steroid-induced irritability and insomnia,Mild,Mood disturbance,0,2026-01-31,Recovered
607,7499,4785,2026-01-02,Persistent nausea and diarrhea after dosing,Mild,Gastrointestinal upset,0,2026-01-02,Recovered
608,7500,4785,2024-09-11,New-onset tremor and rigidity,Mild,Extrapyramidal symptoms,0,2024-09-15,Under evaluation
609,7501,4786,2022-12-10,Steroid-induced irritability and insomnia,Moderate,Mood disturbance,0,2022-12-13,Recovered
610,7523,4799,2026-05-26,New-onset tachyarrhythmia after dose increase,Mild,Palpitations,0,2026-05-26,Recovered
611,7542,4810,2026-02-20,Persistent nausea and diarrhea after dosing,Moderate,Gastrointestinal upset,0,2026-02-21,Recovered
612,7550,4815,2026-06-11,Low serum magnesium on routine labs,Severe,Hypomagnesemia,1,2026-06-15,Sequelae
613,7556,4821,2025-03-26,Unexplained leukopenia on follow-up labs,Severe,Bone marrow suppression,1,2025-03-28,Sequelae
614,7581,4834,2025-06-11,Elevated heart rate after inhaler use,Moderate,Tachycardia,0,2025-06-13,Under evaluation
615,7612,4853,2026-02-26,Refractory chemotherapy-induced emesis,Mild,Nausea and vomiting,0,2026-02-26,Recovered
616,7644,4873,2026-04-22,New-onset elevated glucose readings,Mild,Hyperglycemia,0,2026-04-27,Recovered
617,7647,4875,2026-07-14,Rise in serum creatinine after treatment start,Moderate,Acute kidney injury,0,2026-07-16,Recovered
618,7661,4882,2026-07-24,New-onset elevated glucose readings,Mild,Hyperglycemia,0,2026-07-28,Recovered
619,7671,4888,2026-08-10,Elevated heart rate after inhaler use,Moderate,Tachycardia,0,2026-08-12,Under evaluation
620,7686,4894,2026-01-31,New-onset sleep disturbance after starting therapy,Mild,Insomnia,0,2026-02-02,Recovered
621,7694,4901,2026-01-01,Unwitnessed fall attributed to sedation,Moderate,Falls,0,2026-01-02,Recovered
622,7711,4913,2026-08-12,Extensive spontaneous bruising on limbs,Severe,Bruising,0,2026-08-13,Sequelae
623,7722,4918,2025-09-07,Upper GI hemorrhage with hematemesis,Moderate,Gastrointestinal bleeding,0,2025-09-11,Ongoing
624,7727,4921,2022-05-04,Rise in serum creatinine after treatment start,Moderate,Acute kidney injury,0,2022-05-04,Recovered
625,7753,4934,2024-10-31,Unexplained leukopenia on follow-up labs,Severe,Bone marrow suppression,1,2024-11-04,Ongoing
626,7792,4960,2026-06-22,Persistent nausea and diarrhea after dosing,Fatal,Gastrointestinal upset,1,2026-06-24,Fatal
627,7832,4991,2025-12-23,New-onset elevated glucose readings,Mild,Hyperglycemia,0,2025-12-27,Under evaluation
628,7851,5001,2025-06-09,Upper GI hemorrhage with hematemesis,Moderate,Gastrointestinal bleeding,0,2025-06-09,Recovered
629,7855,5004,2026-02-14,Sleep disturbance following dose adjustment,Mild,Insomnia,0,2026-02-14,Recovered
630,7907,5038,2026-03-02,Facial and lip swelling with mild airway compromise,Mild,Angioedema,0,2026-03-03,Recovered
631,7914,5042,2023-07-22,New-onset tachyarrhythmia after dose increase,Mild,Palpitations,0,2023-07-23,Recovered
632,7920,5045,2023-01-20,Rise in serum creatinine after treatment start,Moderate,Acute kidney injury,0,2023-01-25,Ongoing
633,7941,5062,2024-06-30,Persistent non-productive cough unresponsive to antitussives,Severe,Dry cough,1,2024-07-04,Recovered
634,7942,5062,2026-05-24,Severe opioid-induced constipation,Moderate,Constipation,0,2026-05-27,Recovered
635,7964,5077,2024-03-31,Acute hypotension and airway swelling after dose,Moderate,Anaphylaxis,0,2024-04-05,Under evaluation
636,7968,5079,2026-05-24,New-onset elevated glucose readings,Mild,Hyperglycemia,0,2026-05-27,Recovered
637,7990,5096,2026-04-22,Acute hypotension and airway swelling after dose,Mild,Anaphylaxis,0,2026-04-26,Recovered
638,8020,5120,2024-01-18,New-onset persistent fatigue,Moderate,Fatigue,0,2024-01-20,Recovered
639,8044,5132,2023-10-28,Decreased respiratory rate requiring monitoring,Moderate,Respiratory depression,0,2023-10-31,Ongoing
640,8050,5136,2026-06-13,Diffuse maculopapular rash,Moderate,Rash,0,2026-06-18,Recovered
641,8087,5162,2025-08-25,Diffuse muscle pain with elevated creatine kinase,Mild,Myalgia,0,2025-08-30,Recovered
642,8099,5169,2025-08-28,Upper GI hemorrhage with hematemesis,Severe,Gastrointestinal bleeding,1,2025-08-29,Sequelae
643,8103,5171,2022-03-02,Severe drop in absolute neutrophil count,Mild,Neutropenia,0,2022-03-05,Recovered
644,8107,5172,2023-10-10,"Agitation, tremor and hyperreflexia",Mild,Serotonin syndrome,0,2023-10-13,Under evaluation
645,8122,5182,2024-05-18,Extensive spontaneous bruising on limbs,Moderate,Bruising,0,2024-05-21,Recovered
646,8126,5183,2026-05-18,Acute hypotension and airway swelling after dose,Mild,Anaphylaxis,0,2026-05-20,Recovered
647,8130,5184,2022-11-14,Acute hypotension and airway swelling after dose,Moderate,Anaphylaxis,0,2022-11-18,Ongoing
648,8155,5204,2021-11-30,Localized redness and swelling at injection site,Mild,Injection site reaction,0,2021-12-04,Recovered
649,8165,5209,2026-06-15,New infection attributable to immunosuppression,Mild,Opportunistic infection,0,2026-06-15,Recovered
650,8177,5216,2026-07-09,Extensive spontaneous bruising on limbs,Moderate,Bruising,0,2026-07-10,Recovered
651,8181,5218,2025-11-08,Diffuse maculopapular rash,Moderate,Rash,0,2025-11-13,Under evaluation
652,8212,5238,2024-10-07,New infection attributable to immunosuppression,Fatal,Opportunistic infection,0,2024-10-12,Fatal
653,8213,5238,2023-07-29,Steroid-induced irritability and insomnia,Moderate,Mood disturbance,0,2023-07-29,Ongoing
654,8239,5257,2024-07-04,Refractory chemotherapy-induced emesis,Mild,Nausea and vomiting,0,2024-07-07,Recovered
655,8253,5267,2026-08-03,Symptomatic low heart rate,Moderate,Bradycardia,0,2026-08-04,Recovered
656,8264,5272,2025-06-17,Steroid-induced irritability and insomnia,Mild,Mood disturbance,0,2025-06-22,Recovered
657,8274,5276,2026-04-26,Gastrointestinal bleeding requiring transfusion,Fatal,Major hemorrhage,1,2026-04-26,Fatal
658,8283,5280,2026-05-06,Elevated liver transaminases on routine panel,Severe,Hepatotoxicity,1,2026-05-08,Ongoing
659,8292,5284,2025-02-26,Sleep disturbance following dose adjustment,Moderate,Insomnia,0,2025-03-03,Recovered
660,8295,5287,2023-04-03,Upper GI hemorrhage with hematemesis,Moderate,Gastrointestinal bleeding,0,2023-04-03,Recovered
661,8325,5301,2021-03-02,New-onset tremor and rigidity,Mild,Extrapyramidal symptoms,0,2021-03-07,Recovered
662,8353,5319,2026-04-30,Unwitnessed fall attributed to sedation,Mild,Falls,0,2026-05-04,Recovered
663,8387,5347,2025-07-07,Symptomatic low heart rate,Moderate,Bradycardia,0,2025-07-07,Recovered
664,8404,5360,2025-03-19,"Agitation, tremor and hyperreflexia",Severe,Serotonin syndrome,1,2025-03-19,Ongoing
665,8405,5360,2023-04-19,Refractory chemotherapy-induced emesis,Severe,Nausea and vomiting,1,2023-04-20,Recovered
666,8424,5368,2026-07-19,Steroid-induced irritability and insomnia,Moderate,Mood disturbance,0,2026-07-23,Under evaluation
667,8453,5383,2025-10-28,Unwitnessed fall attributed to sedation,Moderate,Falls,0,2025-10-29,Ongoing
668,8455,5384,2026-08-01,Elevated liver transaminases on routine panel,Severe,Hepatotoxicity,0,2026-08-02,Ongoing
669,8471,5394,2024-11-06,Extensive spontaneous bruising on limbs,Moderate,Bruising,0,2024-11-07,Ongoing
670,8479,5400,2025-05-20,Unwitnessed fall attributed to sedation,Mild,Falls,0,2025-05-22,Recovered
671,8481,5402,2025-08-10,Symptomatic low heart rate,Moderate,Bradycardia,0,2025-08-15,Ongoing
672,8484,5403,2022-06-24,Generalized urticaria and pruritus,Mild,Allergic skin reaction,0,2022-06-24,Under evaluation
673,8498,5413,2026-02-15,Metabolic acidosis with elevated lactate,Moderate,Lactic acidosis,0,2026-02-19,Under evaluation
674,8509,5419,2026-02-01,Gastrointestinal bleeding requiring transfusion,Moderate,Major hemorrhage,0,2026-02-06,Ongoing
675,8511,5420,2026-08-01,"Agitation, tremor and hyperreflexia",Moderate,Serotonin syndrome,0,2026-08-05,Under evaluation
676,8530,5434,2025-07-12,Acute rise in serum creatinine,Moderate,Nephrotoxicity,0,2025-07-16,Recovered
677,8565,5461,2022-07-10,Upper GI hemorrhage with hematemesis,Severe,Gastrointestinal bleeding,1,2022-07-11,Sequelae
678,8574,5467,2023-05-28,Transaminases elevated 3x upper limit of normal,Moderate,Hepatotoxicity,0,2023-05-29,Ongoing
679,8584,5472,2022-04-27,Low serum potassium on routine labs,Severe,Hypokalemia,1,2022-04-27,Sequelae
680,8587,5474,2021-06-06,Unwitnessed fall attributed to sedation,Mild,Falls,0,2021-06-10,Recovered
681,8588,5474,2024-10-13,Facial and lip swelling with mild airway compromise,Moderate,Angioedema,0,2024-10-15,Under evaluation
682,8607,5489,2026-08-07,Transaminases elevated 3x upper limit of normal,Fatal,Hepatotoxicity,1,2026-08-11,Fatal
683,8609,5490,2026-05-31,Persistent nausea and diarrhea after dosing,Fatal,Gastrointestinal upset,1,2026-06-03,Fatal
684,8611,5491,2025-11-09,Localized redness and swelling at injection site,Moderate,Injection site reaction,0,2025-11-14,Recovered
685,8623,5497,2026-03-09,Steroid-induced irritability and insomnia,Moderate,Mood disturbance,0,2026-03-14,Recovered
686,8630,5502,2025-06-12,Upper GI hemorrhage with hematemesis,Mild,Gastrointestinal bleeding,0,2025-06-12,Under evaluation
687,8639,5507,2024-03-04,Extensive spontaneous bruising on limbs,Moderate,Bruising,0,2024-03-08,Recovered
688,8640,5508,2026-07-28,Steroid-induced irritability and insomnia,Severe,Mood disturbance,1,2026-08-02,Ongoing
689,8667,5524,2024-01-27,Orthostatic hypotension with dizziness,Moderate,Dehydration,0,2024-01-28,Recovered
690,8674,5528,2024-11-29,Severe drop in absolute neutrophil count,Moderate,Neutropenia,0,2024-11-29,Recovered
691,8683,5532,2025-01-01,Orthostatic hypotension with dizziness,Moderate,Dehydration,0,2025-01-05,Under evaluation
692,8710,5547,2022-09-18,Orthostatic hypotension with dizziness,Moderate,Dehydration,0,2022-09-23,Under evaluation
693,8718,5553,2026-07-13,Rise in serum creatinine after treatment start,Mild,Acute kidney injury,0,2026-07-17,Recovered
694,8757,5575,2026-02-26,Refractory chemotherapy-induced emesis,Mild,Nausea and vomiting,0,2026-02-26,Recovered
695,8772,5589,2026-01-19,Elevated heart rate after inhaler use,Moderate,Tachycardia,0,2026-01-23,Under evaluation
696,8779,5591,2026-04-25,Blood glucose below 50 mg/dL with symptoms,Mild,Hypoglycemia,0,2026-04-27,Under evaluation
697,8832,5619,2025-05-30,New-onset tremor and rigidity,Mild,Extrapyramidal symptoms,0,2025-05-30,Recovered
698,8837,5621,2022-12-05,Recurrent headache following dose escalation,Mild,Headache,0,2022-12-08,Under evaluation
699,8851,5629,2025-09-15,Elevated liver transaminases on routine panel,Fatal,Hepatotoxicity,1,2025-09-16,Fatal
700,8853,5630,2025-08-06,New-onset elevated glucose readings,Moderate,Hyperglycemia,0,2025-08-09,Ongoing
701,8856,5632,2026-03-11,Acute rise in serum creatinine,Severe,Nephrotoxicity,1,2026-03-16,Ongoing
702,8867,5639,2023-02-01,New-onset persistent fatigue,Mild,Fatigue,0,2023-02-03,Recovered
703,8876,5647,2025-05-03,Acute hypotension and airway swelling after dose,Moderate,Anaphylaxis,0,2025-05-07,Ongoing
704,8894,5658,2025-11-07,New-onset tremor and rigidity,Severe,Extrapyramidal symptoms,0,2025-11-12,Recovered
705,8980,5718,2026-03-03,Upper GI hemorrhage with hematemesis,Moderate,Gastrointestinal bleeding,0,2026-03-05,Recovered
706,8992,5726,2023-12-18,Persistent non-productive cough unresponsive to antitussives,Moderate,Dry cough,0,2023-12-22,Recovered
707,9002,5729,2023-02-05,Generalized urticaria and pruritus,Mild,Allergic skin reaction,0,2023-02-06,Recovered
708,9008,5734,2026-03-08,Extensive spontaneous bruising on limbs,Severe,Bruising,0,2026-03-10,Ongoing
709,9009,5735,2026-03-06,Gastrointestinal bleeding requiring transfusion,Moderate,Major hemorrhage,0,2026-03-08,Under evaluation
710,9034,5751,2026-07-07,Fine hand tremor following dosing,Fatal,Tremor,1,2026-07-11,Fatal
711,9045,5758,2026-05-11,Symptomatic low heart rate,Moderate,Bradycardia,0,2026-05-15,Under evaluation
712,9046,5759,2026-02-12,Rise in creatinine during therapy,Moderate,Nephrotoxicity,0,2026-02-17,Recovered
713,9083,5781,2024-08-26,Low serum magnesium on routine labs,Severe,Hypomagnesemia,1,2024-08-28,Sequelae
714,9100,5794,2026-02-11,Acute hypotension and airway swelling after dose,Moderate,Anaphylaxis,0,2026-02-15,Recovered
715,9102,5794,2024-11-06,Unwitnessed fall attributed to sedation,Moderate,Falls,0,2024-11-11,Under evaluation
716,9108,5797,2025-06-08,Persistent nausea and diarrhea after dosing,Mild,Gastrointestinal upset,0,2025-06-11,Recovered
717,9109,5797,2022-11-29,Decreased respiratory rate requiring monitoring,Moderate,Respiratory depression,0,2022-11-30,Recovered
718,9135,5816,2025-03-01,Upper GI hemorrhage with hematemesis,Moderate,Gastrointestinal bleeding,0,2025-03-01,Ongoing
719,9152,5827,2023-07-26,"Agitation, tremor and hyperreflexia",Mild,Serotonin syndrome,0,2023-07-31,Recovered
720,9176,5842,2023-07-30,Orthostatic hypotension with dizziness,Mild,Dehydration,0,2023-08-03,Recovered
721,9202,5858,2026-08-13,Gastrointestinal bleeding requiring transfusion,Moderate,Major hemorrhage,0,2026-08-14,Under evaluation
722,9206,5859,2021-02-03,Steroid-induced irritability and insomnia,Severe,Mood disturbance,1,2021-02-06,Sequelae
723,9210,5863,2025-06-05,Severe drop in absolute neutrophil count,Mild,Neutropenia,0,2025-06-10,Recovered
724,9257,5900,2025-07-30,Excessive daytime somnolence,Moderate,Sedation,0,2025-08-03,Recovered
725,9286,5922,2026-04-12,Facial and lip swelling with mild airway compromise,Moderate,Angioedema,0,2026-04-12,Recovered
726,9307,5933,2021-11-03,Upper GI hemorrhage with hematemesis,Mild,Gastrointestinal bleeding,0,2021-11-08,Recovered
727,9310,5935,2025-03-24,Steroid-induced irritability and insomnia,Moderate,Mood disturbance,0,2025-03-27,Recovered
728,9343,5955,2024-06-28,Blood glucose below 50 mg/dL with symptoms,Severe,Hypoglycemia,1,2024-07-01,Ongoing
729,9352,5960,2025-09-25,New infection attributable to immunosuppression,Fatal,Opportunistic infection,0,2025-09-28,Fatal
730,9354,5962,2026-06-28,Acute rise in serum creatinine,Moderate,Nephrotoxicity,0,2026-06-28,Ongoing
731,9368,5969,2023-09-06,Severe opioid-induced constipation,Severe,Constipation,1,2023-09-10,Ongoing
732,9389,5980,2025-01-14,Rapid weight gain over follow-up period,Mild,Weight gain,0,2025-01-17,Recovered
733,9396,5986,2026-03-26,Rise in serum creatinine after treatment start,Mild,Acute kidney injury,0,2026-03-29,Recovered
734,9415,6002,2026-04-20,New-onset tremor and rigidity,Mild,Extrapyramidal symptoms,0,2026-04-20,Recovered
735,9419,6004,2026-06-11,Excessive daytime somnolence,Moderate,Sedation,0,2026-06-13,Under evaluation
736,9433,6012,2026-05-25,Excessive daytime somnolence,Fatal,Sedation,1,2026-05-26,Fatal
737,9443,6019,2023-07-16,Extensive spontaneous bruising on limbs,Moderate,Bruising,0,2023-07-17,Under evaluation
738,9471,6038,2026-06-08,Decreased respiratory rate requiring monitoring,Severe,Respiratory depression,1,2026-06-08,Sequelae
739,9504,6058,2024-03-28,Recurrent headache following dose escalation,Moderate,Headache,0,2024-04-01,Under evaluation
740,9542,6082,2025-07-13,Generalized urticaria and pruritus,Mild,Allergic skin reaction,0,2025-07-13,Under evaluation
741,9545,6083,2024-09-11,Transaminases elevated 3x upper limit of normal,Mild,Hepatotoxicity,0,2024-09-16,Recovered
742,9571,6097,2024-10-28,New infection attributable to immunosuppression,Moderate,Opportunistic infection,0,2024-10-30,Under evaluation
743,9577,6101,2026-08-11,Diffuse muscle pain with elevated creatine kinase,Moderate,Myalgia,0,2026-08-13,Recovered
744,9580,6103,2023-07-18,Generalized urticaria and pruritus,Moderate,Allergic skin reaction,0,2023-07-19,Ongoing
745,9583,6105,2022-08-02,Gastrointestinal bleeding requiring transfusion,Mild,Major hemorrhage,0,2022-08-07,Recovered
746,9605,6121,2025-06-30,Metabolic acidosis with elevated lactate,Mild,Lactic acidosis,0,2025-07-05,Recovered
747,9610,6125,2025-11-23,"Agitation, tremor and hyperreflexia",Mild,Serotonin syndrome,0,2025-11-23,Recovered
748,9629,6137,2023-12-17,Upper GI hemorrhage with hematemesis,Fatal,Gastrointestinal bleeding,0,2023-12-22,Fatal
749,9643,6145,2026-03-08,Upper GI hemorrhage with hematemesis,Fatal,Gastrointestinal bleeding,1,2026-03-08,Fatal
750,9651,6149,2026-05-20,Acute rise in serum creatinine,Fatal,Nephrotoxicity,1,2026-05-20,Fatal
751,9655,6154,2026-08-08,Rise in creatinine during therapy,Severe,Nephrotoxicity,0,2026-08-09,Recovered
752,9658,6156,2024-10-07,Upper GI hemorrhage with hematemesis,Moderate,Gastrointestinal bleeding,0,2024-10-09,Under evaluation
753,9661,6157,2023-02-10,New infection attributable to immunosuppression,Moderate,Opportunistic infection,0,2023-02-12,Ongoing
754,9698,6179,2025-07-30,Unexplained leukopenia on follow-up labs,Mild,Bone marrow suppression,0,2025-07-30,Recovered
755,9710,6187,2025-01-23,Rise in serum creatinine after treatment start,Mild,Acute kidney injury,0,2025-01-25,Recovered
756,9721,6197,2022-09-15,Blood glucose below 50 mg/dL with symptoms,Mild,Hypoglycemia,0,2022-09-17,Recovered
757,9729,6201,2025-01-24,Rise in serum creatinine after treatment start,Moderate,Acute kidney injury,0,2025-01-25,Recovered
758,9743,6209,2025-12-25,Gastrointestinal bleeding requiring transfusion,Moderate,Major hemorrhage,0,2025-12-27,Recovered
759,9744,6210,2022-12-20,Extensive spontaneous bruising on limbs,Moderate,Bruising,0,2022-12-24,Recovered
760,9756,6218,2025-09-21,Orthostatic hypotension with dizziness,Mild,Dehydration,0,2025-09-23,Recovered
761,9766,6224,2026-08-15,New-onset sleep disturbance after starting therapy,Mild,Insomnia,0,2026-08-17,Recovered
762,9775,6230,2023-12-29,New-onset sleep disturbance after starting therapy,Severe,Insomnia,1,2023-12-30,Recovered
763,9777,6231,2025-10-24,Fine hand tremor following dosing,Moderate,Tremor,0,2025-10-27,Recovered
764,9779,6234,2026-03-26,Sleep disturbance following dose adjustment,Mild,Insomnia,0,2026-03-30,Under evaluation
765,9781,6235,2026-03-24,Unexplained leukopenia on follow-up labs,Fatal,Bone marrow suppression,1,2026-03-27,Fatal
766,9787,6238,2026-06-05,Extensive spontaneous bruising on limbs,Moderate,Bruising,0,2026-06-08,Ongoing
767,9788,6238,2026-04-02,Acute rise in serum creatinine,Moderate,Nephrotoxicity,0,2026-04-06,Recovered
768,9823,6261,2023-09-20,New-onset sleep disturbance after starting therapy,Moderate,Insomnia,0,2023-09-24,Recovered
769,9824,6262,2024-07-05,Recurrent headache following dose escalation,Mild,Headache,0,2024-07-08,Recovered
770,9825,6262,2021-03-21,New-onset sleep disturbance after starting therapy,Severe,Insomnia,1,2021-03-24,Recovered
771,9858,6284,2023-01-25,Severe opioid-induced constipation,Severe,Constipation,1,2023-01-25,Recovered
772,9869,6291,2026-07-04,Metabolic acidosis with elevated lactate,Moderate,Lactic acidosis,0,2026-07-08,Recovered
773,9873,6294,2026-01-02,Decreased respiratory rate requiring monitoring,Fatal,Respiratory depression,1,2026-01-07,Fatal
774,9884,6302,2026-06-28,Acute hypotension and airway swelling after dose,Severe,Anaphylaxis,1,2026-06-30,Recovered
775,9886,6302,2026-06-03,Low serum magnesium on routine labs,Severe,Hypomagnesemia,1,2026-06-04,Sequelae
776,9912,6318,2026-06-11,Steroid-induced irritability and insomnia,Moderate,Mood disturbance,0,2026-06-12,Ongoing
777,9929,6333,2025-12-19,Decreased respiratory rate requiring monitoring,Severe,Respiratory depression,1,2025-12-19,Sequelae
778,9973,6361,2025-10-23,Persistent non-productive cough unresponsive to antitussives,Mild,Dry cough,0,2025-10-27,Recovered
779,9981,6367,2026-08-09,Generalized urticaria and pruritus,Severe,Allergic skin reaction,0,2026-08-13,Recovered
780,9982,6368,2025-07-16,Decreased respiratory rate requiring monitoring,Fatal,Respiratory depression,1,2025-07-18,Fatal
781,10008,6380,2026-05-20,Generalized urticaria and pruritus,Severe,Allergic skin reaction,1,2026-05-21,Sequelae
782,10022,6386,2022-09-20,Decreased respiratory rate requiring monitoring,Severe,Respiratory depression,1,2022-09-21,Recovered
783,10035,6395,2025-09-22,Excessive daytime somnolence,Fatal,Sedation,1,2025-09-23,Fatal
784,10079,6431,2026-06-27,Decreased respiratory rate requiring monitoring,Mild,Respiratory depression,0,2026-06-27,Recovered
785,10128,6459,2023-08-06,Extensive spontaneous bruising on limbs,Moderate,Bruising,0,2023-08-07,Recovered
786,10150,6474,2024-08-05,New infection attributable to immunosuppression,Moderate,Opportunistic infection,0,2024-08-08,Recovered
787,10163,6484,2024-07-03,Blood glucose below 50 mg/dL with symptoms,Moderate,Hypoglycemia,0,2024-07-07,Recovered
788,10168,6487,2025-11-12,Symptomatic drop in blood pressure,Severe,Hypotension,1,2025-11-17,Sequelae
789,10189,6502,2026-01-03,Severe opioid-induced constipation,Severe,Constipation,1,2026-01-05,Ongoing
790,10192,6504,2025-09-20,"Agitation, tremor and hyperreflexia",Mild,Serotonin syndrome,0,2025-09-24,Recovered
791,10222,6524,2026-01-08,Excessive daytime somnolence,Mild,Sedation,0,2026-01-08,Recovered
792,10225,6526,2026-07-05,Upper GI hemorrhage with hematemesis,Mild,Gastrointestinal bleeding,0,2026-07-05,Recovered
793,10233,6529,2026-01-14,Refractory chemotherapy-induced emesis,Mild,Nausea and vomiting,0,2026-01-19,Recovered
794,10251,6541,2025-11-04,Acute rise in serum creatinine,Severe,Nephrotoxicity,0,2025-11-07,Ongoing
795,10254,6544,2026-08-15,Extensive spontaneous bruising on limbs,Moderate,Bruising,0,2026-08-17,Ongoing
796,10267,6553,2025-10-07,Decreased respiratory rate requiring monitoring,Fatal,Respiratory depression,1,2025-10-10,Fatal
797,10274,6556,2025-10-22,New infection attributable to immunosuppression,Mild,Opportunistic infection,0,2025-10-22,Recovered
798,10292,6568,2024-01-02,Gastrointestinal bleeding requiring transfusion,Severe,Major hemorrhage,1,2024-01-04,Recovered
799,10319,6588,2025-08-25,New-onset elevated glucose readings,Moderate,Hyperglycemia,0,2025-08-27,Recovered
800,10339,6603,2026-06-13,Unwitnessed fall attributed to sedation,Mild,Falls,0,2026-06-14,Recovered
801,10341,6603,2026-02-09,New lower-limb swelling,Moderate,Peripheral edema,0,2026-02-14,Ongoing
802,10364,6617,2026-08-11,Gastrointestinal bleeding requiring transfusion,Moderate,Major hemorrhage,0,2026-08-14,Recovered
803,10367,6621,2026-03-15,Upper GI hemorrhage with hematemesis,Mild,Gastrointestinal bleeding,0,2026-03-19,Recovered
804,10375,6625,2026-04-25,Unexplained leukopenia on follow-up labs,Severe,Bone marrow suppression,0,2026-04-25,Sequelae
805,10382,6632,2024-10-26,"Agitation, tremor and hyperreflexia",Moderate,Serotonin syndrome,0,2024-10-30,Ongoing
806,10384,6633,2026-07-01,New-onset persistent fatigue,Mild,Fatigue,0,2026-07-02,Recovered
807,10387,6634,2023-02-17,New infection attributable to immunosuppression,Severe,Opportunistic infection,1,2023-02-18,Sequelae
808,10394,6638,2024-06-27,Refractory chemotherapy-induced emesis,Fatal,Nausea and vomiting,1,2024-06-28,Fatal
809,10432,6662,2026-08-10,Acute rise in serum creatinine,Mild,Nephrotoxicity,0,2026-08-14,Under evaluation
810,10434,6663,2022-01-13,Steroid-induced irritability and insomnia,Mild,Mood disturbance,0,2022-01-14,Recovered
811,10437,6663,2024-04-26,Transaminases elevated 3x upper limit of normal,Severe,Hepatotoxicity,1,2024-04-28,Ongoing
812,10457,6678,2024-09-03,Refractory chemotherapy-induced emesis,Severe,Nausea and vomiting,0,2024-09-04,Recovered
813,10465,6681,2024-06-30,Acute hypotension and airway swelling after dose,Mild,Anaphylaxis,0,2024-07-01,Recovered
814,10467,6683,2026-05-21,Acute rise in serum creatinine,Mild,Nephrotoxicity,0,2026-05-22,Under evaluation
815,10484,6694,2026-06-22,Recurrent headache following dose escalation,Moderate,Headache,0,2026-06-23,Recovered
816,10493,6701,2024-01-19,Extensive spontaneous bruising on limbs,Severe,Bruising,1,2024-01-22,Recovered
817,10494,6702,2026-02-25,Blood glucose below 50 mg/dL with symptoms,Moderate,Hypoglycemia,0,2026-02-27,Recovered
818,10497,6703,2024-05-30,Acute rise in serum creatinine,Moderate,Nephrotoxicity,0,2024-06-01,Under evaluation
819,10504,6705,2026-02-23,Acute rise in serum creatinine,Moderate,Nephrotoxicity,0,2026-02-27,Under evaluation
820,10516,6713,2024-04-23,"Agitation, tremor and hyperreflexia",Moderate,Serotonin syndrome,0,2024-04-25,Ongoing
821,10563,6743,2023-12-23,Localized redness and swelling at injection site,Severe,Injection site reaction,1,2023-12-28,Recovered
822,10570,6747,2025-12-18,Gastrointestinal bleeding requiring transfusion,Severe,Major hemorrhage,0,2025-12-20,Ongoing
823,10588,6755,2026-06-03,Excessive daytime somnolence,Fatal,Sedation,1,2026-06-07,Fatal
824,10614,6769,2025-05-10,Unexplained leukopenia on follow-up labs,Severe,Bone marrow suppression,1,2025-05-13,Sequelae
825,10647,6793,2026-06-27,Transaminases elevated 3x upper limit of normal,Moderate,Hepatotoxicity,0,2026-07-02,Ongoing
826,10656,6800,2026-05-16,Unexplained leukopenia on follow-up labs,Moderate,Bone marrow suppression,0,2026-05-20,Ongoing
827,10664,6807,2025-07-30,Severe drop in absolute neutrophil count,Mild,Neutropenia,0,2025-08-04,Under evaluation
828,10675,6816,2026-08-13,Acute hypotension and airway swelling after dose,Severe,Anaphylaxis,1,2026-08-17,Sequelae
829,10677,6817,2026-08-02,"Agitation, tremor and hyperreflexia",Moderate,Serotonin syndrome,0,2026-08-05,Recovered
830,10725,6850,2024-09-12,Unexplained leukopenia on follow-up labs,Moderate,Bone marrow suppression,0,2024-09-17,Recovered
831,10732,6855,2025-02-05,Symptomatic drop in blood pressure,Mild,Hypotension,0,2025-02-06,Recovered
832,10767,6878,2024-04-09,Persistent non-productive cough unresponsive to antitussives,Mild,Dry cough,0,2024-04-10,Recovered
833,10786,6891,2026-06-24,New-onset sleep disturbance after starting therapy,Moderate,Insomnia,0,2026-06-28,Under evaluation
834,10789,6893,2025-05-21,Rise in serum creatinine after treatment start,Mild,Acute kidney injury,0,2025-05-23,Recovered
835,10805,6902,2025-08-31,Orthostatic hypotension with dizziness,Mild,Dehydration,0,2025-09-03,Recovered
836,10809,6904,2025-10-19,Orthostatic hypotension with dizziness,Severe,Dehydration,1,2025-10-22,Ongoing
837,10812,6906,2026-06-16,Metabolic acidosis with elevated lactate,Mild,Lactic acidosis,0,2026-06-19,Recovered
838,10825,6912,2023-12-20,Symptomatic drop in blood pressure,Moderate,Hypotension,0,2023-12-24,Recovered
839,10832,6915,2026-03-25,New infection attributable to immunosuppression,Severe,Opportunistic infection,1,2026-03-26,Recovered
840,10845,6926,2024-07-30,Gastrointestinal bleeding requiring transfusion,Moderate,Major hemorrhage,0,2024-08-02,Recovered
841,10877,6946,2025-01-12,Acute rise in serum creatinine,Moderate,Nephrotoxicity,0,2025-01-13,Under evaluation
842,10878,6947,2025-12-18,"Agitation, tremor and hyperreflexia",Moderate,Serotonin syndrome,0,2025-12-22,Under evaluation
843,10900,6961,2024-10-28,Generalized urticaria and pruritus,Severe,Allergic skin reaction,1,2024-10-28,Sequelae
844,10915,6971,2023-04-01,Acute rise in serum creatinine,Severe,Nephrotoxicity,1,2023-04-01,Recovered
845,10917,6972,2026-07-20,Upper GI hemorrhage with hematemesis,Mild,Gastrointestinal bleeding,0,2026-07-24,Recovered
846,10927,6979,2025-02-12,Facial and lip swelling with mild airway compromise,Mild,Angioedema,0,2025-02-16,Under evaluation
847,10928,6981,2026-03-17,Gastrointestinal bleeding requiring transfusion,Mild,Major hemorrhage,0,2026-03-20,Recovered
848,10937,6988,2026-05-17,Acute hypotension and airway swelling after dose,Moderate,Anaphylaxis,0,2026-05-22,Ongoing
849,10948,6996,2025-09-15,Generalized urticaria and pruritus,Moderate,Allergic skin reaction,0,2025-09-16,Recovered
850,10972,7008,2025-09-23,Symptomatic drop in blood pressure,Moderate,Hypotension,0,2025-09-23,Recovered
851,10974,7009,2026-04-27,Recurrent headache following dose escalation,Mild,Headache,0,2026-04-29,Recovered
852,10982,7013,2022-01-18,Recurrent headache following dose escalation,Moderate,Headache,0,2022-01-20,Under evaluation
853,10984,7015,2023-05-29,"Agitation, tremor and hyperreflexia",Moderate,Serotonin syndrome,0,2023-06-02,Recovered
854,10985,7015,2024-11-13,Facial and lip swelling with mild airway compromise,Moderate,Angioedema,0,2024-11-15,Under evaluation
855,10997,7024,2026-05-07,Unwitnessed fall attributed to sedation,Severe,Falls,1,2026-05-11,Sequelae
856,11012,7032,2023-03-24,Excessive daytime somnolence,Mild,Sedation,0,2023-03-25,Recovered
857,11014,7034,2024-07-13,New-onset elevated glucose readings,Mild,Hyperglycemia,0,2024-07-15,Under evaluation
858,11021,7035,2024-01-09,Gastrointestinal bleeding requiring transfusion,Moderate,Major hemorrhage,0,2024-01-11,Recovered
859,11025,7037,2025-07-07,Acute hypotension and airway swelling after dose,Mild,Anaphylaxis,0,2025-07-12,Under evaluation
860,11040,7046,2026-01-02,Severe drop in absolute neutrophil count,Moderate,Neutropenia,0,2026-01-02,Recovered
861,11054,7054,2025-03-01,Recurrent headache following dose escalation,Mild,Headache,0,2025-03-06,Recovered
862,11058,7055,2023-10-09,Steroid-induced irritability and insomnia,Moderate,Mood disturbance,0,2023-10-10,Recovered
863,11064,7059,2024-07-05,Rapid weight gain over follow-up period,Mild,Weight gain,0,2024-07-08,Recovered
864,11076,7064,2026-05-17,New-onset tachyarrhythmia after dose increase,Mild,Palpitations,0,2026-05-19,Under evaluation
865,11079,7066,2023-03-24,Upper GI hemorrhage with hematemesis,Severe,Gastrointestinal bleeding,1,2023-03-25,Recovered
866,11091,7071,2025-08-25,Severe drop in absolute neutrophil count,Moderate,Neutropenia,0,2025-08-28,Recovered
867,11097,7076,2026-02-11,Severe opioid-induced constipation,Moderate,Constipation,0,2026-02-14,Ongoing
868,11116,7089,2025-11-10,Low serum potassium on routine labs,Mild,Hypokalemia,0,2025-11-13,Recovered
869,11143,7110,2025-08-16,New-onset sleep disturbance after starting therapy,Moderate,Insomnia,0,2025-08-19,Under evaluation
870,11147,7111,2021-08-21,Generalized urticaria and pruritus,Moderate,Allergic skin reaction,0,2021-08-25,Under evaluation
871,11153,7115,2023-04-02,Generalized urticaria and pruritus,Mild,Allergic skin reaction,0,2023-04-05,Recovered
872,11166,7121,2025-07-09,Blood glucose below 50 mg/dL with symptoms,Mild,Hypoglycemia,0,2025-07-14,Recovered
873,11167,7121,2025-04-21,Excessive daytime somnolence,Moderate,Sedation,0,2025-04-23,Recovered
874,11170,7123,2024-10-29,Generalized urticaria and pruritus,Moderate,Allergic skin reaction,0,2024-11-03,Under evaluation
875,11176,7125,2025-12-31,Excessive daytime somnolence,Moderate,Sedation,0,2026-01-05,Under evaluation
876,11177,7125,2026-01-31,New-onset elevated glucose readings,Severe,Hyperglycemia,1,2026-01-31,Sequelae
877,11183,7132,2026-04-12,Decreased respiratory rate requiring monitoring,Mild,Respiratory depression,0,2026-04-13,Under evaluation
878,11189,7135,2023-07-30,Rapid weight gain over follow-up period,Mild,Weight gain,0,2023-08-03,Recovered
879,11210,7147,2024-05-03,Symptomatic low heart rate,Moderate,Bradycardia,0,2024-05-05,Ongoing
880,11225,7157,2026-06-13,Unwitnessed fall attributed to sedation,Moderate,Falls,0,2026-06-16,Ongoing
881,11232,7162,2026-05-25,Excessive daytime somnolence,Severe,Sedation,0,2026-05-25,Sequelae
882,11243,7170,2023-12-30,Acute rise in serum creatinine,Severe,Nephrotoxicity,1,2024-01-01,Ongoing
883,11248,7175,2026-03-09,New-onset elevated glucose readings,Mild,Hyperglycemia,0,2026-03-14,Recovered
884,11256,7180,2023-08-26,Diffuse maculopapular rash,Moderate,Rash,0,2023-08-28,Recovered
885,11287,7204,2024-09-23,Gastrointestinal bleeding requiring transfusion,Severe,Major hemorrhage,0,2024-09-24,Ongoing
886,11299,7211,2025-08-21,Extensive spontaneous bruising on limbs,Mild,Bruising,0,2025-08-23,Recovered
887,11301,7213,2026-04-03,New infection attributable to immunosuppression,Severe,Opportunistic infection,1,2026-04-08,Ongoing
888,11319,7222,2025-10-01,Extensive spontaneous bruising on limbs,Mild,Bruising,0,2025-10-01,Recovered
889,11382,7262,2025-01-26,New-onset sleep disturbance after starting therapy,Mild,Insomnia,0,2025-01-26,Recovered
890,11384,7262,2026-06-20,Unwitnessed fall attributed to sedation,Severe,Falls,1,2026-06-22,Sequelae
891,11415,7284,2025-09-25,New-onset persistent fatigue,Moderate,Fatigue,0,2025-09-29,Under evaluation
892,11419,7285,2026-03-08,Excessive daytime somnolence,Mild,Sedation,0,2026-03-09,Recovered
893,11420,7286,2026-02-12,Extensive spontaneous bruising on limbs,Moderate,Bruising,0,2026-02-16,Recovered
894,11435,7295,2025-03-27,Low serum potassium on routine labs,Mild,Hypokalemia,0,2025-04-01,Recovered
895,11455,7309,2024-08-26,Decreased respiratory rate requiring monitoring,Moderate,Respiratory depression,0,2024-08-28,Recovered
896,11458,7309,2024-12-14,Elevated liver transaminases on routine panel,Mild,Hepatotoxicity,0,2024-12-17,Recovered
897,11459,7310,2026-02-24,New-onset persistent fatigue,Moderate,Fatigue,0,2026-02-26,Ongoing
898,11461,7312,2026-02-14,New-onset tremor and rigidity,Fatal,Extrapyramidal symptoms,1,2026-02-16,Fatal
899,11464,7313,2023-11-26,New infection attributable to immunosuppression,Severe,Opportunistic infection,1,2023-11-26,Sequelae
900,11512,7333,2026-05-29,Symptomatic drop in blood pressure,Severe,Hypotension,1,2026-06-01,Ongoing
901,11522,7339,2026-01-30,Blood glucose below 50 mg/dL with symptoms,Severe,Hypoglycemia,1,2026-01-31,Recovered
902,11523,7339,2026-08-12,Recurrent headache following dose escalation,Moderate,Headache,0,2026-08-15,Recovered
903,11530,7345,2025-11-01,Extensive spontaneous bruising on limbs,Severe,Bruising,1,2025-11-05,Sequelae
904,11545,7353,2025-01-27,Blood glucose below 50 mg/dL with symptoms,Mild,Hypoglycemia,0,2025-01-29,Recovered
905,11547,7354,2024-10-22,New infection attributable to immunosuppression,Mild,Opportunistic infection,0,2024-10-27,Recovered
906,11554,7357,2025-08-26,Excessive daytime somnolence,Mild,Sedation,0,2025-08-31,Under evaluation
907,11557,7358,2023-04-04,New-onset elevated glucose readings,Mild,Hyperglycemia,0,2023-04-09,Under evaluation
908,11569,7368,2022-08-05,Rise in serum creatinine after treatment start,Severe,Acute kidney injury,1,2022-08-05,Recovered
909,11596,7389,2024-02-05,Unexplained leukopenia on follow-up labs,Moderate,Bone marrow suppression,0,2024-02-07,Recovered
910,11613,7399,2026-07-09,Steroid-induced irritability and insomnia,Moderate,Mood disturbance,0,2026-07-12,Recovered
911,11615,7400,2025-06-12,Recurrent headache following dose escalation,Severe,Headache,0,2025-06-12,Sequelae
912,11630,7409,2026-07-23,Severe opioid-induced constipation,Moderate,Constipation,0,2026-07-25,Under evaluation
913,11633,7411,2022-11-15,Unexplained leukopenia on follow-up labs,Mild,Bone marrow suppression,0,2022-11-16,Under evaluation
914,11642,7417,2026-08-06,Decreased respiratory rate requiring monitoring,Mild,Respiratory depression,0,2026-08-07,Recovered
915,11663,7429,2026-03-25,Extensive spontaneous bruising on limbs,Mild,Bruising,0,2026-03-30,Under evaluation
916,11675,7435,2026-02-05,Acute hypotension and airway swelling after dose,Moderate,Anaphylaxis,0,2026-02-09,Recovered
917,11688,7442,2025-06-13,Extensive spontaneous bruising on limbs,Severe,Bruising,1,2025-06-14,Ongoing
918,11691,7443,2025-09-17,Rapid weight gain over follow-up period,Mild,Weight gain,0,2025-09-21,Under evaluation
919,11716,7460,2026-05-21,Low serum potassium on routine labs,Moderate,Hypokalemia,0,2026-05-24,Under evaluation
920,11723,7468,2025-11-15,Symptomatic drop in blood pressure,Mild,Hypotension,0,2025-11-18,Under evaluation
921,11731,7472,2025-06-02,New-onset elevated glucose readings,Moderate,Hyperglycemia,0,2025-06-05,Ongoing
922,11738,7477,2024-05-02,Generalized urticaria and pruritus,Moderate,Allergic skin reaction,0,2024-05-05,Recovered
923,11741,7480,2026-07-10,Generalized urticaria and pruritus,Fatal,Allergic skin reaction,1,2026-07-13,Fatal
924,11745,7482,2025-12-24,Upper GI hemorrhage with hematemesis,Mild,Gastrointestinal bleeding,0,2025-12-26,Recovered
925,11777,7501,2024-10-27,New-onset persistent fatigue,Severe,Fatigue,0,2024-10-27,Sequelae
926,11790,7507,2025-07-10,Facial and lip swelling with mild airway compromise,Moderate,Angioedema,0,2025-07-12,Ongoing
927,11810,7518,2025-12-29,Gastrointestinal bleeding requiring transfusion,Mild,Major hemorrhage,0,2026-01-03,Recovered
928,11825,7533,2024-10-08,Metabolic acidosis with elevated lactate,Moderate,Lactic acidosis,0,2024-10-10,Recovered
929,11826,7533,2025-11-16,Orthostatic hypotension with dizziness,Moderate,Dehydration,0,2025-11-20,Recovered
930,11837,7538,2025-11-28,Symptomatic drop in blood pressure,Moderate,Hypotension,0,2025-11-28,Recovered
931,11902,7579,2025-06-06,Metabolic acidosis with elevated lactate,Moderate,Lactic acidosis,0,2025-06-07,Recovered
932,11918,7587,2026-05-13,Steroid-induced irritability and insomnia,Moderate,Mood disturbance,0,2026-05-18,Under evaluation
933,11927,7592,2026-07-13,Orthostatic hypotension with dizziness,Mild,Dehydration,0,2026-07-18,Recovered
934,11932,7593,2026-07-29,New-onset tachyarrhythmia after dose increase,Mild,Palpitations,0,2026-07-29,Recovered
935,11935,7595,2023-09-21,Acute hypotension and airway swelling after dose,Mild,Anaphylaxis,0,2023-09-22,Under evaluation
936,11939,7598,2024-09-12,New-onset persistent fatigue,Mild,Fatigue,0,2024-09-13,Recovered
937,11943,7601,2026-06-22,New-onset elevated glucose readings,Severe,Hyperglycemia,1,2026-06-23,Recovered
938,11947,7602,2023-08-08,Persistent nausea and diarrhea after dosing,Mild,Gastrointestinal upset,0,2023-08-13,Recovered
939,12001,7637,2026-04-05,Facial and lip swelling with mild airway compromise,Moderate,Angioedema,0,2026-04-06,Recovered
940,12037,7664,2026-04-20,Rise in serum creatinine after treatment start,Mild,Acute kidney injury,0,2026-04-23,Under evaluation
941,12041,7666,2025-07-11,Low serum potassium on routine labs,Mild,Hypokalemia,0,2025-07-14,Under evaluation
942,12075,7690,2026-07-03,Severe opioid-induced constipation,Moderate,Constipation,0,2026-07-08,Under evaluation
943,12083,7696,2021-10-16,New-onset tachyarrhythmia after dose increase,Severe,Palpitations,1,2021-10-20,Ongoing
944,12088,7698,2022-12-30,Extensive spontaneous bruising on limbs,Severe,Bruising,1,2022-12-31,Recovered
945,12114,7711,2026-03-03,Diffuse muscle pain with elevated creatine kinase,Moderate,Myalgia,0,2026-03-05,Recovered
946,12117,7712,2025-10-27,New infection attributable to immunosuppression,Severe,Opportunistic infection,1,2025-10-30,Ongoing
947,12126,7716,2026-07-14,Refractory chemotherapy-induced emesis,Mild,Nausea and vomiting,0,2026-07-19,Recovered
948,12130,7717,2023-04-29,Acute hypotension and airway swelling after dose,Mild,Anaphylaxis,0,2023-05-01,Recovered
949,12131,7717,2024-09-10,Decreased respiratory rate requiring monitoring,Moderate,Respiratory depression,0,2024-09-10,Recovered
950,12132,7718,2023-07-04,Symptomatic low heart rate,Mild,Bradycardia,0,2023-07-04,Recovered
951,12140,7723,2025-02-04,Rapid weight gain over follow-up period,Mild,Weight gain,0,2025-02-06,Recovered
952,12144,7727,2023-07-23,Steroid-induced irritability and insomnia,Moderate,Mood disturbance,0,2023-07-24,Ongoing
953,12157,7735,2026-06-11,Unwitnessed fall attributed to sedation,Mild,Falls,0,2026-06-16,Under evaluation
954,12163,7740,2026-04-11,Rapid weight gain over follow-up period,Mild,Weight gain,0,2026-04-13,Under evaluation
955,12170,7743,2022-07-17,Rapid weight gain over follow-up period,Mild,Weight gain,0,2022-07-18,Under evaluation
956,12177,7745,2025-08-21,Refractory chemotherapy-induced emesis,Severe,Nausea and vomiting,1,2025-08-22,Recovered
957,12178,7746,2022-01-27,Severe drop in absolute neutrophil count,Moderate,Neutropenia,0,2022-02-01,Under evaluation
958,12217,7772,2021-02-23,"Agitation, tremor and hyperreflexia",Mild,Serotonin syndrome,0,2021-02-28,Recovered
959,12228,7778,2025-02-01,Severe drop in absolute neutrophil count,Moderate,Neutropenia,0,2025-02-06,Ongoing
960,12245,7789,2024-06-13,New-onset tachyarrhythmia after dose increase,Mild,Palpitations,0,2024-06-14,Recovered
961,12272,7806,2024-12-04,Facial and lip swelling with mild airway compromise,Severe,Angioedema,0,2024-12-05,Recovered
962,12289,7817,2024-10-02,Acute hypotension and airway swelling after dose,Mild,Anaphylaxis,0,2024-10-04,Under evaluation
963,12302,7828,2026-04-06,Upper GI hemorrhage with hematemesis,Moderate,Gastrointestinal bleeding,0,2026-04-06,Ongoing
964,12308,7831,2023-05-31,Rapid weight gain over follow-up period,Severe,Weight gain,1,2023-06-01,Sequelae
965,12329,7843,2026-07-08,Excessive daytime somnolence,Severe,Sedation,0,2026-07-08,Sequelae
966,12341,7848,2025-06-25,New-onset elevated glucose readings,Moderate,Hyperglycemia,0,2025-06-26,Under evaluation
967,12352,7854,2024-04-07,Generalized urticaria and pruritus,Moderate,Allergic skin reaction,0,2024-04-10,Ongoing
968,12366,7859,2026-08-16,"Agitation, tremor and hyperreflexia",Mild,Serotonin syndrome,0,2026-08-16,Recovered
969,12377,7870,2021-02-08,Diffuse muscle pain with elevated creatine kinase,Moderate,Myalgia,0,2021-02-12,Under evaluation
970,12392,7881,2026-01-08,Severe opioid-induced constipation,Severe,Constipation,0,2026-01-09,Ongoing
971,12393,7881,2026-03-11,Unwitnessed fall attributed to sedation,Moderate,Falls,0,2026-03-15,Ongoing
972,12401,7886,2025-11-19,Orthostatic hypotension with dizziness,Mild,Dehydration,0,2025-11-20,Recovered
973,12426,7898,2025-10-29,Decreased respiratory rate requiring monitoring,Moderate,Respiratory depression,0,2025-10-31,Recovered
974,12438,7903,2022-11-03,New-onset elevated glucose readings,Mild,Hyperglycemia,0,2022-11-03,Recovered
975,12455,7913,2026-07-19,Extensive spontaneous bruising on limbs,Severe,Bruising,1,2026-07-22,Ongoing
976,12463,7917,2022-07-05,Rise in creatinine during therapy,Moderate,Nephrotoxicity,0,2022-07-10,Recovered
977,12475,7921,2026-07-09,Severe drop in absolute neutrophil count,Moderate,Neutropenia,0,2026-07-12,Under evaluation
978,12483,7927,2025-10-15,Sleep disturbance following dose adjustment,Moderate,Insomnia,0,2025-10-15,Recovered
979,12507,7937,2026-05-09,New-onset elevated glucose readings,Severe,Hyperglycemia,1,2026-05-12,Sequelae
980,12509,7938,2023-12-17,Rapid weight gain over follow-up period,Mild,Weight gain,0,2023-12-17,Recovered
981,12520,7945,2023-10-30,Acute hypotension and airway swelling after dose,Moderate,Anaphylaxis,0,2023-11-02,Recovered
982,12535,7957,2024-11-05,Unwitnessed fall attributed to sedation,Moderate,Falls,0,2024-11-07,Recovered
983,12544,7963,2026-07-18,Severe drop in absolute neutrophil count,Severe,Neutropenia,1,2026-07-18,Recovered
984,12563,7976,2024-02-11,Rise in serum creatinine after treatment start,Moderate,Acute kidney injury,0,2024-02-13,Recovered
985,12565,7978,2024-04-25,Extensive spontaneous bruising on limbs,Moderate,Bruising,0,2024-04-30,Recovered
986,12571,7982,2026-05-11,Sleep disturbance following dose adjustment,Mild,Insomnia,0,2026-05-12,Recovered
987,12578,7986,2026-02-25,Metabolic acidosis with elevated lactate,Fatal,Lactic acidosis,0,2026-02-28,Fatal
988,12581,7987,2025-12-14,Refractory chemotherapy-induced emesis,Fatal,Nausea and vomiting,1,2025-12-18,Fatal
989,12582,7988,2026-07-04,Steroid-induced irritability and insomnia,Mild,Mood disturbance,0,2026-07-04,Under evaluation
990,12608,8003,2024-02-02,Symptomatic low heart rate,Moderate,Bradycardia,0,2024-02-02,Under evaluation
991,12619,8012,2026-02-19,Unwitnessed fall attributed to sedation,Moderate,Falls,0,2026-02-19,Under evaluation
992,12636,8024,2022-09-05,Steroid-induced irritability and insomnia,Moderate,Mood disturbance,0,2022-09-08,Recovered
993,12637,8025,2025-11-13,Persistent nausea and diarrhea after dosing,Mild,Gastrointestinal upset,0,2025-11-13,Recovered
994,12668,8046,2023-08-29,Acute hypotension and airway swelling after dose,Moderate,Anaphylaxis,0,2023-08-30,Recovered
995,12675,8049,2023-09-07,Sleep disturbance following dose adjustment,Severe,Insomnia,1,2023-09-11,Sequelae
996,12696,8066,2025-03-01,"Agitation, tremor and hyperreflexia",Severe,Serotonin syndrome,1,2025-03-06,Ongoing
997,12715,8076,2026-08-09,Refractory chemotherapy-induced emesis,Fatal,Nausea and vomiting,1,2026-08-13,Fatal
998,12716,8076,2026-06-18,Severe opioid-induced constipation,Severe,Constipation,1,2026-06-19,Recovered
999,12733,8084,2025-02-13,Extensive spontaneous bruising on limbs,Moderate,Bruising,0,2025-02-13,Recovered
1000,12791,8127,2026-08-16,Decreased respiratory rate requiring monitoring,Fatal,Respiratory depression,0,2026-08-17,Fatal
1001,12797,8129,2024-11-19,Decreased respiratory rate requiring monitoring,Moderate,Respiratory depression,0,2024-11-23,Recovered
1002,12814,8141,2026-01-14,Severe drop in absolute neutrophil count,Moderate,Neutropenia,0,2026-01-19,Under evaluation
1003,12815,8142,2025-09-20,Unexplained leukopenia on follow-up labs,Mild,Bone marrow suppression,0,2025-09-21,Recovered
1004,12825,8148,2026-07-19,Upper GI hemorrhage with hematemesis,Severe,Gastrointestinal bleeding,1,2026-07-20,Recovered
1005,12826,8148,2026-03-05,Refractory chemotherapy-induced emesis,Severe,Nausea and vomiting,1,2026-03-05,Sequelae
1006,12843,8159,2025-02-22,Transaminases elevated 3x upper limit of normal,Fatal,Hepatotoxicity,0,2025-02-23,Fatal
1007,12846,8161,2026-01-02,New-onset tachyarrhythmia after dose increase,Moderate,Palpitations,0,2026-01-02,Under evaluation
1008,12849,8165,2026-05-02,Elevated heart rate after inhaler use,Fatal,Tachycardia,1,2026-05-04,Fatal
1009,12851,8167,2026-06-09,Refractory chemotherapy-induced emesis,Mild,Nausea and vomiting,0,2026-06-11,Recovered
1010,12863,8178,2024-02-21,New-onset tremor and rigidity,Severe,Extrapyramidal symptoms,1,2024-02-22,Sequelae
1011,12867,8180,2026-03-12,"Agitation, tremor and hyperreflexia",Mild,Serotonin syndrome,0,2026-03-17,Recovered
1012,12888,8200,2024-09-15,Rise in creatinine during therapy,Mild,Nephrotoxicity,0,2024-09-16,Recovered
1013,12897,8206,2026-03-22,Unexplained leukopenia on follow-up labs,Moderate,Bone marrow suppression,0,2026-03-22,Recovered
1014,12936,8231,2025-04-02,"Agitation, tremor and hyperreflexia",Severe,Serotonin syndrome,0,2025-04-04,Sequelae
1015,12938,8232,2022-09-15,New-onset sleep disturbance after starting therapy,Moderate,Insomnia,0,2022-09-16,Ongoing
1016,12974,8248,2025-07-30,Upper GI hemorrhage with hematemesis,Moderate,Gastrointestinal bleeding,0,2025-08-03,Recovered
1017,12990,8256,2023-07-17,Persistent non-productive cough unresponsive to antitussives,Mild,Dry cough,0,2023-07-22,Recovered
1018,12993,8257,2025-09-04,Unwitnessed fall attributed to sedation,Mild,Falls,0,2025-09-07,Under evaluation
1019,13131,8348,2025-10-10,New-onset sleep disturbance after starting therapy,Mild,Insomnia,0,2025-10-11,Recovered
1020,13132,8350,2025-07-26,New infection attributable to immunosuppression,Fatal,Opportunistic infection,1,2025-07-30,Fatal
1021,13135,8350,2026-02-14,Metabolic acidosis with elevated lactate,Mild,Lactic acidosis,0,2026-02-16,Recovered
1022,13153,8361,2025-02-22,Steroid-induced irritability and insomnia,Mild,Mood disturbance,0,2025-02-25,Recovered
1023,13172,8375,2025-06-26,Low serum potassium on routine labs,Mild,Hypokalemia,0,2025-06-26,Recovered
1024,13173,8376,2026-05-15,Decreased respiratory rate requiring monitoring,Severe,Respiratory depression,1,2026-05-15,Recovered
1025,13183,8381,2026-05-08,Refractory chemotherapy-induced emesis,Moderate,Nausea and vomiting,0,2026-05-09,Recovered
1026,13218,8401,2025-08-09,Rise in creatinine during therapy,Mild,Nephrotoxicity,0,2025-08-10,Recovered
1027,13219,8402,2026-05-04,Steroid-induced irritability and insomnia,Fatal,Mood disturbance,0,2026-05-05,Fatal
1028,13228,8410,2026-07-02,Rise in serum creatinine after treatment start,Moderate,Acute kidney injury,0,2026-07-02,Recovered
1029,13253,8424,2025-03-16,Unwitnessed fall attributed to sedation,Severe,Falls,1,2025-03-18,Ongoing
1030,13282,8441,2025-11-24,Severe drop in absolute neutrophil count,Moderate,Neutropenia,0,2025-11-27,Recovered
1031,13296,8448,2024-07-18,Generalized urticaria and pruritus,Mild,Allergic skin reaction,0,2024-07-18,Recovered
1032,13304,8451,2025-08-26,Rise in serum creatinine after treatment start,Mild,Acute kidney injury,0,2025-08-27,Under evaluation
1033,13310,8454,2021-03-23,Severe opioid-induced constipation,Mild,Constipation,0,2021-03-26,Recovered
1034,13314,8458,2025-01-14,Steroid-induced irritability and insomnia,Mild,Mood disturbance,0,2025-01-14,Recovered
1035,13315,8459,2026-02-17,Unwitnessed fall attributed to sedation,Fatal,Falls,1,2026-02-20,Fatal
1036,13318,8461,2026-02-08,Diffuse maculopapular rash,Mild,Rash,0,2026-02-09,Recovered
1037,13324,8463,2023-06-07,Steroid-induced irritability and insomnia,Moderate,Mood disturbance,0,2023-06-12,Recovered
1038,13325,8464,2023-05-29,New-onset persistent fatigue,Mild,Fatigue,0,2023-05-30,Under evaluation
1039,13334,8470,2025-02-20,Unexplained leukopenia on follow-up labs,Fatal,Bone marrow suppression,1,2025-02-20,Fatal
1040,13337,8471,2026-05-06,Unexplained leukopenia on follow-up labs,Severe,Bone marrow suppression,1,2026-05-06,Sequelae
1041,13361,8485,2023-03-20,Acute hypotension and airway swelling after dose,Severe,Anaphylaxis,0,2023-03-23,Ongoing
1042,13370,8491,2024-01-14,New-onset elevated glucose readings,Mild,Hyperglycemia,0,2024-01-17,Recovered
1043,13399,8510,2025-09-08,Unwitnessed fall attributed to sedation,Moderate,Falls,0,2025-09-09,Under evaluation
1044,13407,8516,2023-06-23,Gastrointestinal bleeding requiring transfusion,Moderate,Major hemorrhage,0,2023-06-26,Recovered
1045,13434,8532,2024-09-29,New-onset persistent fatigue,Mild,Fatigue,0,2024-10-03,Recovered
1046,13466,8551,2026-05-22,Elevated liver transaminases on routine panel,Moderate,Hepatotoxicity,0,2026-05-22,Under evaluation
1047,13476,8558,2026-04-10,Unexplained leukopenia on follow-up labs,Moderate,Bone marrow suppression,0,2026-04-12,Ongoing
1048,13489,8565,2025-12-02,Upper GI hemorrhage with hematemesis,Moderate,Gastrointestinal bleeding,0,2025-12-07,Under evaluation
1049,13497,8568,2025-11-28,Rise in serum creatinine after treatment start,Severe,Acute kidney injury,1,2025-12-02,Sequelae
1050,13521,8584,2024-09-01,Severe drop in absolute neutrophil count,Moderate,Neutropenia,0,2024-09-02,Recovered
1051,13541,8597,2023-09-02,Severe drop in absolute neutrophil count,Fatal,Neutropenia,0,2023-09-02,Fatal
1052,13572,8617,2025-01-01,Persistent non-productive cough unresponsive to antitussives,Severe,Dry cough,1,2025-01-01,Recovered
1053,13590,8631,2022-12-19,Symptomatic low heart rate,Mild,Bradycardia,0,2022-12-20,Recovered
1054,13597,8638,2023-12-16,Refractory chemotherapy-induced emesis,Fatal,Nausea and vomiting,1,2023-12-20,Fatal
1055,13612,8648,2025-04-25,Decreased respiratory rate requiring monitoring,Moderate,Respiratory depression,0,2025-04-28,Ongoing
1056,13625,8655,2024-12-26,"Agitation, tremor and hyperreflexia",Mild,Serotonin syndrome,0,2024-12-28,Recovered
1057,13628,8657,2026-07-25,Symptomatic drop in blood pressure,Moderate,Hypotension,0,2026-07-30,Under evaluation
1058,13633,8661,2025-09-10,Acute hypotension and airway swelling after dose,Mild,Anaphylaxis,0,2025-09-14,Recovered
1059,13637,8663,2026-05-11,Upper GI hemorrhage with hematemesis,Moderate,Gastrointestinal bleeding,0,2026-05-12,Recovered
1060,13643,8667,2025-01-11,Rapid weight gain over follow-up period,Severe,Weight gain,1,2025-01-12,Ongoing
1061,13681,8689,2021-02-16,Gastrointestinal bleeding requiring transfusion,Moderate,Major hemorrhage,0,2021-02-19,Recovered
1062,13693,8695,2026-07-08,New infection attributable to immunosuppression,Severe,Opportunistic infection,1,2026-07-10,Sequelae
1063,13713,8703,2022-10-04,Low serum potassium on routine labs,Moderate,Hypokalemia,0,2022-10-09,Under evaluation
1064,13738,8717,2024-09-27,Upper GI hemorrhage with hematemesis,Mild,Gastrointestinal bleeding,0,2024-09-30,Recovered
1065,13739,8717,2025-10-31,Fine hand tremor following dosing,Mild,Tremor,0,2025-11-01,Under evaluation
1066,13752,8724,2025-10-23,Decreased respiratory rate requiring monitoring,Moderate,Respiratory depression,0,2025-10-26,Recovered
1067,13758,8727,2025-01-12,Refractory chemotherapy-induced emesis,Mild,Nausea and vomiting,0,2025-01-14,Recovered
1068,13763,8729,2025-11-25,New infection attributable to immunosuppression,Moderate,Opportunistic infection,0,2025-11-25,Recovered
1069,13768,8734,2026-07-13,Generalized urticaria and pruritus,Moderate,Allergic skin reaction,0,2026-07-15,Under evaluation
1070,13774,8738,2025-05-02,Excessive daytime somnolence,Fatal,Sedation,1,2025-05-06,Fatal
1071,13790,8748,2025-06-08,Unwitnessed fall attributed to sedation,Mild,Falls,0,2025-06-13,Recovered
1072,13806,8759,2023-10-27,Unexplained leukopenia on follow-up labs,Fatal,Bone marrow suppression,0,2023-11-01,Fatal
1073,13825,8767,2024-10-28,New-onset sleep disturbance after starting therapy,Severe,Insomnia,1,2024-10-30,Ongoing
1074,13826,8768,2025-09-20,Elevated liver transaminases on routine panel,Mild,Hepatotoxicity,0,2025-09-24,Recovered
1075,13830,8771,2024-07-16,Severe drop in absolute neutrophil count,Severe,Neutropenia,1,2024-07-18,Ongoing
1076,13840,8777,2021-12-13,Decreased respiratory rate requiring monitoring,Moderate,Respiratory depression,0,2021-12-14,Recovered
1077,13842,8779,2026-08-14,Recurrent headache following dose escalation,Moderate,Headache,0,2026-08-14,Recovered
1078,13851,8783,2026-08-10,Metabolic acidosis with elevated lactate,Moderate,Lactic acidosis,0,2026-08-14,Recovered
1079,13873,8802,2024-12-24,Recurrent headache following dose escalation,Mild,Headache,0,2024-12-24,Recovered
1080,13879,8808,2026-04-26,Extensive spontaneous bruising on limbs,Moderate,Bruising,0,2026-04-26,Recovered
1081,13897,8817,2026-01-14,Steroid-induced irritability and insomnia,Mild,Mood disturbance,0,2026-01-14,Recovered
1082,13898,8818,2021-10-28,Extensive spontaneous bruising on limbs,Moderate,Bruising,0,2021-11-02,Ongoing
1083,13905,8822,2026-03-27,New-onset sleep disturbance after starting therapy,Moderate,Insomnia,0,2026-04-01,Recovered
1084,13920,8832,2024-04-06,Low serum magnesium on routine labs,Moderate,Hypomagnesemia,0,2024-04-10,Under evaluation
1085,13925,8834,2023-03-27,New-onset sleep disturbance after starting therapy,Fatal,Insomnia,0,2023-03-30,Fatal
1086,13928,8835,2025-11-13,Excessive daytime somnolence,Severe,Sedation,1,2025-11-16,Ongoing
1087,13929,8835,2025-03-27,Unwitnessed fall attributed to sedation,Mild,Falls,0,2025-03-27,Under evaluation
1088,13933,8839,2024-06-09,Low serum magnesium on routine labs,Mild,Hypomagnesemia,0,2024-06-14,Under evaluation
1089,13936,8840,2026-01-10,Refractory chemotherapy-induced emesis,Moderate,Nausea and vomiting,0,2026-01-12,Ongoing
1090,13943,8845,2020-12-28,Acute hypotension and airway swelling after dose,Severe,Anaphylaxis,1,2020-12-31,Ongoing
1091,13950,8851,2026-06-01,New infection attributable to immunosuppression,Severe,Opportunistic infection,1,2026-06-04,Ongoing
1092,13964,8860,2026-02-27,Steroid-induced irritability and insomnia,Mild,Mood disturbance,0,2026-03-04,Under evaluation
1093,13974,8865,2025-09-20,Gastrointestinal bleeding requiring transfusion,Mild,Major hemorrhage,0,2025-09-20,Recovered
1094,13978,8868,2026-08-05,Diffuse muscle pain with elevated creatine kinase,Mild,Myalgia,0,2026-08-07,Recovered
1095,13983,8872,2026-07-25,Localized redness and swelling at injection site,Fatal,Injection site reaction,1,2026-07-26,Fatal
1096,13984,8872,2026-07-02,Decreased respiratory rate requiring monitoring,Severe,Respiratory depression,1,2026-07-04,Recovered
1097,13988,8876,2025-05-22,New-onset sleep disturbance after starting therapy,Moderate,Insomnia,0,2025-05-26,Ongoing
1098,13993,8877,2025-10-26,"Agitation, tremor and hyperreflexia",Mild,Serotonin syndrome,0,2025-10-26,Recovered
1099,14024,8895,2026-02-05,"Agitation, tremor and hyperreflexia",Mild,Serotonin syndrome,0,2026-02-05,Recovered
1100,14061,8914,2026-03-10,Extensive spontaneous bruising on limbs,Moderate,Bruising,0,2026-03-15,Recovered
1101,14064,8916,2020-11-12,"Agitation, tremor and hyperreflexia",Mild,Serotonin syndrome,0,2020-11-17,Recovered
1102,14074,8922,2026-04-19,Recurrent headache following dose escalation,Moderate,Headache,0,2026-04-22,Ongoing
1103,14082,8933,2026-08-12,Persistent non-productive cough unresponsive to antitussives,Severe,Dry cough,1,2026-08-16,Sequelae
1104,14095,8939,2025-09-16,Orthostatic hypotension with dizziness,Severe,Dehydration,1,2025-09-21,Recovered
1105,14124,8959,2025-12-22,Severe drop in absolute neutrophil count,Severe,Neutropenia,1,2025-12-23,Ongoing
1106,14139,8971,2022-08-04,Persistent nausea and diarrhea after dosing,Severe,Gastrointestinal upset,1,2022-08-06,Recovered
1107,14151,8980,2026-04-20,Decreased respiratory rate requiring monitoring,Mild,Respiratory depression,0,2026-04-21,Under evaluation
1108,14152,8981,2023-06-13,Acute rise in serum creatinine,Moderate,Nephrotoxicity,0,2023-06-15,Under evaluation
1109,14166,8991,2025-06-04,Blood glucose below 50 mg/dL with symptoms,Moderate,Hypoglycemia,0,2025-06-08,Under evaluation
1110,14179,8998,2026-01-29,Low serum potassium on routine labs,Moderate,Hypokalemia,0,2026-01-29,Recovered
1111,14184,9003,2026-05-13,Facial and lip swelling with mild airway compromise,Moderate,Angioedema,0,2026-05-17,Recovered
1112,14190,9005,2026-07-07,Severe opioid-induced constipation,Fatal,Constipation,1,2026-07-08,Fatal
1113,14197,9009,2024-10-27,New-onset persistent fatigue,Moderate,Fatigue,0,2024-10-28,Ongoing
1114,14209,9019,2026-04-04,Low serum magnesium on routine labs,Moderate,Hypomagnesemia,0,2026-04-06,Ongoing
1115,14224,9032,2025-07-12,Severe drop in absolute neutrophil count,Severe,Neutropenia,1,2025-07-16,Sequelae
1116,14243,9048,2026-08-12,"Agitation, tremor and hyperreflexia",Mild,Serotonin syndrome,0,2026-08-15,Recovered
1117,14245,9050,2026-06-01,Acute rise in serum creatinine,Moderate,Nephrotoxicity,0,2026-06-03,Under evaluation
1118,14254,9054,2021-08-24,"Agitation, tremor and hyperreflexia",Moderate,Serotonin syndrome,0,2021-08-26,Recovered
1119,14277,9066,2023-09-11,Low serum potassium on routine labs,Moderate,Hypokalemia,0,2023-09-15,Recovered
1120,14291,9076,2025-07-26,New infection attributable to immunosuppression,Moderate,Opportunistic infection,0,2025-07-27,Ongoing
1121,14292,9076,2026-04-03,Localized redness and swelling at injection site,Moderate,Injection site reaction,0,2026-04-08,Ongoing
1122,14294,9077,2022-01-16,New-onset tremor and rigidity,Moderate,Extrapyramidal symptoms,0,2022-01-21,Recovered
1123,14336,9111,2026-05-18,Symptomatic drop in blood pressure,Moderate,Hypotension,0,2026-05-21,Ongoing
1124,14350,9121,2025-11-11,Severe opioid-induced constipation,Mild,Constipation,0,2025-11-14,Under evaluation
1125,14358,9125,2025-09-08,Severe opioid-induced constipation,Moderate,Constipation,0,2025-09-11,Ongoing
1126,14360,9127,2024-01-29,Symptomatic low heart rate,Moderate,Bradycardia,0,2024-02-01,Recovered
1127,14364,9129,2026-08-09,Steroid-induced irritability and insomnia,Mild,Mood disturbance,0,2026-08-11,Recovered
1128,14387,9142,2023-08-20,Fine hand tremor following dosing,Mild,Tremor,0,2023-08-21,Under evaluation
1129,14396,9145,2023-08-27,Transaminases elevated 3x upper limit of normal,Moderate,Hepatotoxicity,0,2023-08-30,Recovered
1130,14399,9149,2025-11-25,Diffuse maculopapular rash,Mild,Rash,0,2025-11-26,Recovered
1131,14419,9166,2022-06-29,New-onset elevated glucose readings,Fatal,Hyperglycemia,0,2022-06-30,Fatal
1132,14438,9177,2023-06-04,New-onset persistent fatigue,Mild,Fatigue,0,2023-06-09,Recovered
1133,14442,9180,2026-03-06,New infection attributable to immunosuppression,Moderate,Opportunistic infection,0,2026-03-08,Recovered
1134,14450,9183,2026-03-30,Recurrent headache following dose escalation,Moderate,Headache,0,2026-03-30,Recovered
1135,14463,9191,2024-02-17,Generalized urticaria and pruritus,Moderate,Allergic skin reaction,0,2024-02-20,Recovered
1136,14472,9197,2026-01-25,Fine hand tremor following dosing,Moderate,Tremor,0,2026-01-30,Recovered
1137,14482,9203,2024-01-18,New-onset tremor and rigidity,Moderate,Extrapyramidal symptoms,0,2024-01-21,Under evaluation
1138,14512,9226,2025-10-28,Excessive daytime somnolence,Severe,Sedation,1,2025-10-28,Recovered
1139,14515,9228,2024-12-05,Severe opioid-induced constipation,Moderate,Constipation,0,2024-12-06,Under evaluation
1140,14520,9232,2025-03-25,"Agitation, tremor and hyperreflexia",Moderate,Serotonin syndrome,0,2025-03-27,Recovered
1141,14549,9251,2026-02-17,Rise in serum creatinine after treatment start,Moderate,Acute kidney injury,0,2026-02-22,Ongoing
1142,14586,9275,2024-09-22,Steroid-induced irritability and insomnia,Mild,Mood disturbance,0,2024-09-24,Recovered
1143,14645,9312,2026-04-17,Severe opioid-induced constipation,Fatal,Constipation,1,2026-04-20,Fatal
1144,14684,9331,2021-11-23,Acute rise in serum creatinine,Mild,Nephrotoxicity,0,2021-11-23,Recovered
1145,14693,9339,2026-07-07,New-onset tremor and rigidity,Severe,Extrapyramidal symptoms,1,2026-07-09,Recovered
1146,14697,9342,2025-12-07,Unexplained leukopenia on follow-up labs,Mild,Bone marrow suppression,0,2025-12-11,Recovered
1147,14700,9343,2024-07-29,Unwitnessed fall attributed to sedation,Moderate,Falls,0,2024-08-01,Recovered
1148,14717,9356,2026-07-17,Acute rise in serum creatinine,Mild,Nephrotoxicity,0,2026-07-21,Recovered
1149,14739,9366,2026-07-30,Steroid-induced irritability and insomnia,Mild,Mood disturbance,0,2026-07-31,Under evaluation
1150,14741,9367,2025-12-02,Recurrent headache following dose escalation,Mild,Headache,0,2025-12-03,Under evaluation
1151,14761,9381,2025-11-06,Gastrointestinal bleeding requiring transfusion,Mild,Major hemorrhage,0,2025-11-07,Recovered
1152,14762,9382,2025-10-14,"Agitation, tremor and hyperreflexia",Moderate,Serotonin syndrome,0,2025-10-14,Recovered
1153,14768,9385,2024-07-17,"Agitation, tremor and hyperreflexia",Moderate,Serotonin syndrome,0,2024-07-20,Ongoing
1154,14777,9391,2020-10-10,Steroid-induced irritability and insomnia,Moderate,Mood disturbance,0,2020-10-13,Recovered
1155,14807,9410,2026-07-02,New-onset persistent fatigue,Moderate,Fatigue,0,2026-07-07,Recovered
1156,14815,9412,2024-03-21,Acute hypotension and airway swelling after dose,Mild,Anaphylaxis,0,2024-03-22,Under evaluation
1157,14828,9423,2026-03-13,Upper GI hemorrhage with hematemesis,Severe,Gastrointestinal bleeding,1,2026-03-15,Ongoing
1158,14839,9431,2023-10-19,Fine hand tremor following dosing,Mild,Tremor,0,2023-10-22,Recovered
1159,14853,9439,2023-11-02,Steroid-induced irritability and insomnia,Severe,Mood disturbance,1,2023-11-04,Recovered
1160,14868,9449,2026-08-14,Excessive daytime somnolence,Moderate,Sedation,0,2026-08-16,Recovered
1161,14872,9452,2022-10-18,"Agitation, tremor and hyperreflexia",Mild,Serotonin syndrome,0,2022-10-21,Recovered
1162,14888,9460,2022-09-25,New-onset tremor and rigidity,Severe,Extrapyramidal symptoms,1,2022-09-30,Ongoing
1163,14899,9468,2023-02-02,Low serum potassium on routine labs,Severe,Hypokalemia,1,2023-02-05,Sequelae
1164,14909,9473,2026-04-18,Excessive daytime somnolence,Mild,Sedation,0,2026-04-21,Recovered
1165,14921,9479,2025-04-24,New-onset persistent fatigue,Moderate,Fatigue,0,2025-04-26,Under evaluation
1166,14928,9485,2025-02-22,New-onset elevated glucose readings,Severe,Hyperglycemia,1,2025-02-23,Ongoing
1167,14932,9487,2025-12-31,Gastrointestinal bleeding requiring transfusion,Fatal,Major hemorrhage,0,2026-01-05,Fatal
1168,14934,9488,2024-07-23,Persistent non-productive cough unresponsive to antitussives,Mild,Dry cough,0,2024-07-28,Recovered
1169,14936,9489,2024-12-17,Transaminases elevated 3x upper limit of normal,Severe,Hepatotoxicity,1,2024-12-19,Recovered
1170,14945,9498,2026-04-08,Low serum potassium on routine labs,Fatal,Hypokalemia,1,2026-04-11,Fatal
1171,14949,9499,2025-09-29,Blood glucose below 50 mg/dL with symptoms,Severe,Hypoglycemia,1,2025-09-30,Ongoing
1172,14958,9504,2023-09-19,New-onset persistent fatigue,Mild,Fatigue,0,2023-09-20,Recovered
1173,14973,9511,2025-05-22,Upper GI hemorrhage with hematemesis,Severe,Gastrointestinal bleeding,1,2025-05-23,Sequelae
1174,14984,9524,2024-09-21,Extensive spontaneous bruising on limbs,Mild,Bruising,0,2024-09-21,Recovered
1175,14998,9533,2025-07-19,Unexplained leukopenia on follow-up labs,Severe,Bone marrow suppression,1,2025-07-20,Ongoing
1176,15021,9549,2025-10-17,Low serum potassium on routine labs,Mild,Hypokalemia,0,2025-10-18,Under evaluation
1177,15039,9560,2026-07-22,Severe drop in absolute neutrophil count,Mild,Neutropenia,0,2026-07-23,Recovered
1178,15048,9563,2025-01-23,Transaminases elevated 3x upper limit of normal,Moderate,Hepatotoxicity,0,2025-01-23,Ongoing
1179,15082,9579,2023-09-05,Rise in serum creatinine after treatment start,Fatal,Acute kidney injury,1,2023-09-09,Fatal
1180,15097,9590,2022-01-18,Refractory chemotherapy-induced emesis,Moderate,Nausea and vomiting,0,2022-01-22,Under evaluation
1181,15105,9599,2023-06-19,Low serum magnesium on routine labs,Mild,Hypomagnesemia,0,2023-06-24,Under evaluation
1182,15137,9616,2026-01-23,Localized redness and swelling at injection site,Moderate,Injection site reaction,0,2026-01-27,Under evaluation
1183,15147,9622,2025-02-15,New infection attributable to immunosuppression,Mild,Opportunistic infection,0,2025-02-19,Under evaluation
1184,15157,9627,2026-07-04,Symptomatic low heart rate,Mild,Bradycardia,0,2026-07-09,Recovered
1185,15162,9629,2024-12-09,Refractory chemotherapy-induced emesis,Mild,Nausea and vomiting,0,2024-12-14,Under evaluation
1186,15172,9636,2026-06-21,Localized redness and swelling at injection site,Severe,Injection site reaction,1,2026-06-22,Sequelae
1187,15190,9647,2024-02-14,Rise in creatinine during therapy,Mild,Nephrotoxicity,0,2024-02-15,Under evaluation
1188,15222,9664,2024-10-06,New-onset tachyarrhythmia after dose increase,Mild,Palpitations,0,2024-10-11,Recovered
1189,15231,9670,2026-06-26,New-onset sleep disturbance after starting therapy,Mild,Insomnia,0,2026-06-27,Recovered
1190,15238,9674,2025-05-12,Steroid-induced irritability and insomnia,Moderate,Mood disturbance,0,2025-05-15,Under evaluation
1191,15240,9674,2024-10-07,Gastrointestinal bleeding requiring transfusion,Moderate,Major hemorrhage,0,2024-10-07,Ongoing
1192,15251,9681,2025-07-22,"Agitation, tremor and hyperreflexia",Moderate,Serotonin syndrome,0,2025-07-25,Under evaluation
1193,15253,9682,2024-12-20,"Agitation, tremor and hyperreflexia",Moderate,Serotonin syndrome,0,2024-12-20,Recovered
1194,15258,9684,2021-11-16,Rise in serum creatinine after treatment start,Severe,Acute kidney injury,1,2021-11-21,Ongoing
1195,15261,9685,2025-09-21,New-onset tremor and rigidity,Severe,Extrapyramidal symptoms,1,2025-09-26,Ongoing
1196,15263,9686,2025-02-23,Gastrointestinal bleeding requiring transfusion,Severe,Major hemorrhage,1,2025-02-24,Sequelae
1197,15300,9713,2023-03-02,Unexplained leukopenia on follow-up labs,Severe,Bone marrow suppression,1,2023-03-06,Sequelae
1198,15328,9732,2026-05-11,New-onset sleep disturbance after starting therapy,Fatal,Insomnia,1,2026-05-14,Fatal
1199,15329,9733,2024-09-07,Persistent non-productive cough unresponsive to antitussives,Severe,Dry cough,1,2024-09-09,Ongoing
1200,15331,9737,2025-04-12,Acute rise in serum creatinine,Fatal,Nephrotoxicity,0,2025-04-15,Fatal
1201,15332,9737,2025-10-01,Sleep disturbance following dose adjustment,Mild,Insomnia,0,2025-10-05,Under evaluation
1202,15351,9749,2026-02-15,Excessive daytime somnolence,Mild,Sedation,0,2026-02-17,Recovered
1203,15358,9753,2026-04-08,Refractory chemotherapy-induced emesis,Moderate,Nausea and vomiting,0,2026-04-09,Recovered
1204,15391,9774,2026-07-18,Extensive spontaneous bruising on limbs,Fatal,Bruising,1,2026-07-23,Fatal
1205,15394,9775,2021-04-13,Upper GI hemorrhage with hematemesis,Mild,Gastrointestinal bleeding,0,2021-04-14,Under evaluation
1206,15417,9789,2026-07-04,Extensive spontaneous bruising on limbs,Mild,Bruising,0,2026-07-04,Under evaluation
1207,15421,9792,2025-01-06,Severe opioid-induced constipation,Fatal,Constipation,0,2025-01-07,Fatal
1208,15423,9794,2022-02-22,Gastrointestinal bleeding requiring transfusion,Severe,Major hemorrhage,0,2022-02-25,Sequelae
1209,15425,9796,2025-03-10,Rapid weight gain over follow-up period,Moderate,Weight gain,0,2025-03-15,Recovered
1210,15429,9797,2025-12-12,Decreased respiratory rate requiring monitoring,Severe,Respiratory depression,0,2025-12-13,Ongoing
1211,15450,9810,2024-03-11,New infection attributable to immunosuppression,Fatal,Opportunistic infection,1,2024-03-14,Fatal
1212,15468,9822,2024-05-16,Recurrent headache following dose escalation,Severe,Headache,1,2024-05-20,Ongoing
1213,15472,9824,2023-06-26,Low serum potassium on routine labs,Moderate,Hypokalemia,0,2023-06-26,Under evaluation
1214,15491,9837,2025-02-25,Gastrointestinal bleeding requiring transfusion,Moderate,Major hemorrhage,0,2025-02-28,Recovered
1215,15495,9839,2021-06-02,New-onset elevated glucose readings,Mild,Hyperglycemia,0,2021-06-04,Recovered
1216,15496,9839,2021-04-28,Orthostatic hypotension with dizziness,Fatal,Dehydration,0,2021-05-01,Fatal
1217,15509,9845,2025-11-07,Unwitnessed fall attributed to sedation,Mild,Falls,0,2025-11-11,Under evaluation
1218,15526,9860,2025-11-17,Elevated heart rate after inhaler use,Mild,Tachycardia,0,2025-11-21,Recovered
1219,15541,9872,2025-11-06,Facial and lip swelling with mild airway compromise,Moderate,Angioedema,0,2025-11-07,Recovered
1220,15565,9890,2024-05-28,Generalized urticaria and pruritus,Mild,Allergic skin reaction,0,2024-05-31,Recovered
1221,15572,9893,2024-10-17,"Agitation, tremor and hyperreflexia",Moderate,Serotonin syndrome,0,2024-10-21,Recovered
1222,15581,9899,2026-01-03,Steroid-induced irritability and insomnia,Moderate,Mood disturbance,0,2026-01-06,Under evaluation
1223,15582,9900,2023-09-09,Upper GI hemorrhage with hematemesis,Moderate,Gastrointestinal bleeding,0,2023-09-10,Recovered
1224,15591,9904,2023-06-29,New-onset sleep disturbance after starting therapy,Mild,Insomnia,0,2023-07-02,Recovered
1225,15597,9910,2026-05-26,Symptomatic low heart rate,Moderate,Bradycardia,0,2026-05-29,Under evaluation
1226,15655,9951,2024-02-26,Recurrent headache following dose escalation,Severe,Headache,1,2024-03-01,Recovered
1227,15668,9962,2023-06-09,Severe opioid-induced constipation,Mild,Constipation,0,2023-06-13,Recovered
1228,15670,9963,2026-08-12,Diffuse muscle pain with elevated creatine kinase,Moderate,Myalgia,0,2026-08-16,Recovered
1229,15672,9964,2024-12-05,Steroid-induced irritability and insomnia,Mild,Mood disturbance,0,2024-12-05,Recovered
1230,15715,9988,2020-04-12,Severe opioid-induced constipation,Severe,Constipation,1,2020-04-16,Ongoing
1231,15717,9990,2024-08-06,"Agitation, tremor and hyperreflexia",Mild,Serotonin syndrome,0,2024-08-09,Recovered
1232,15748,10019,2025-03-28,New-onset tachyarrhythmia after dose increase,Moderate,Palpitations,0,2025-04-01,Ongoing
1233,15749,10019,2023-03-18,Gastrointestinal bleeding requiring transfusion,Severe,Major hemorrhage,1,2023-03-20,Ongoing
1234,15792,10047,2025-08-31,Rapid weight gain over follow-up period,Moderate,Weight gain,0,2025-09-03,Ongoing
1235,15795,10048,2026-07-14,Excessive daytime somnolence,Moderate,Sedation,0,2026-07-19,Under evaluation
1236,15800,10050,2022-05-17,Persistent non-productive cough unresponsive to antitussives,Severe,Dry cough,0,2022-05-20,Ongoing
1237,15821,10065,2026-05-28,Low serum potassium on routine labs,Moderate,Hypokalemia,0,2026-06-01,Under evaluation
1238,15849,10078,2026-03-10,Extensive spontaneous bruising on limbs,Moderate,Bruising,0,2026-03-15,Ongoing
1239,15862,10085,2025-04-26,Gastrointestinal bleeding requiring transfusion,Mild,Major hemorrhage,0,2025-04-28,Recovered
1240,15879,10096,2026-07-30,Unexplained leukopenia on follow-up labs,Mild,Bone marrow suppression,0,2026-08-01,Recovered
1241,15894,10106,2025-07-07,"Agitation, tremor and hyperreflexia",Moderate,Serotonin syndrome,0,2025-07-12,Recovered
1242,15896,10106,2026-07-23,Acute hypotension and airway swelling after dose,Mild,Anaphylaxis,0,2026-07-26,Under evaluation
1243,15898,10108,2025-11-15,Severe drop in absolute neutrophil count,Moderate,Neutropenia,0,2025-11-15,Recovered
1244,15901,10111,2024-01-30,Decreased respiratory rate requiring monitoring,Severe,Respiratory depression,0,2024-02-01,Recovered
1245,15910,10117,2026-01-11,Steroid-induced irritability and insomnia,Fatal,Mood disturbance,1,2026-01-15,Fatal
1246,15922,10126,2025-01-19,New-onset elevated glucose readings,Moderate,Hyperglycemia,0,2025-01-21,Recovered
1247,15940,10136,2024-12-16,Acute hypotension and airway swelling after dose,Mild,Anaphylaxis,0,2024-12-19,Recovered
1248,16007,10178,2023-07-16,Elevated liver transaminases on routine panel,Mild,Hepatotoxicity,0,2023-07-19,Recovered
1249,16010,10181,2026-06-26,Gastrointestinal bleeding requiring transfusion,Fatal,Major hemorrhage,1,2026-06-26,Fatal
1250,16017,10187,2025-07-15,New-onset sleep disturbance after starting therapy,Fatal,Insomnia,1,2025-07-16,Fatal
1251,16030,10198,2024-11-27,Low serum potassium on routine labs,Moderate,Hypokalemia,0,2024-11-30,Ongoing
1252,16034,10199,2026-07-08,New-onset elevated glucose readings,Severe,Hyperglycemia,0,2026-07-10,Sequelae
1253,16040,10203,2025-07-29,Low serum potassium on routine labs,Severe,Hypokalemia,1,2025-08-03,Ongoing
1254,16043,10205,2026-06-11,Diffuse muscle pain with elevated creatine kinase,Severe,Myalgia,1,2026-06-11,Sequelae
1255,16048,10211,2026-02-21,Diffuse muscle pain with elevated creatine kinase,Fatal,Myalgia,0,2026-02-26,Fatal
1256,16057,10219,2026-06-21,Recurrent headache following dose escalation,Mild,Headache,0,2026-06-25,Recovered
1257,16066,10223,2023-12-30,Blood glucose below 50 mg/dL with symptoms,Severe,Hypoglycemia,1,2023-12-31,Recovered
1258,16070,10224,2026-03-30,Acute rise in serum creatinine,Moderate,Nephrotoxicity,0,2026-04-02,Recovered
1259,16075,10227,2023-08-10,Decreased respiratory rate requiring monitoring,Mild,Respiratory depression,0,2023-08-11,Under evaluation
1260,16092,10235,2026-07-04,Acute rise in serum creatinine,Mild,Nephrotoxicity,0,2026-07-06,Recovered
1261,16135,10260,2022-05-06,New infection attributable to immunosuppression,Moderate,Opportunistic infection,0,2022-05-09,Under evaluation
1262,16145,10264,2025-10-07,New-onset elevated glucose readings,Mild,Hyperglycemia,0,2025-10-11,Recovered
1263,16151,10268,2026-01-03,Refractory chemotherapy-induced emesis,Mild,Nausea and vomiting,0,2026-01-03,Under evaluation
1264,16160,10276,2024-12-24,Decreased respiratory rate requiring monitoring,Severe,Respiratory depression,0,2024-12-26,Ongoing
1265,16168,10282,2022-01-10,Extensive spontaneous bruising on limbs,Severe,Bruising,0,2022-01-12,Ongoing
1266,16183,10291,2024-08-26,Rise in serum creatinine after treatment start,Mild,Acute kidney injury,0,2024-08-28,Recovered
1267,16202,10304,2026-04-16,Generalized urticaria and pruritus,Moderate,Allergic skin reaction,0,2026-04-19,Recovered
1268,16206,10308,2026-06-26,New infection attributable to immunosuppression,Severe,Opportunistic infection,1,2026-06-29,Sequelae
1269,16208,10311,2025-01-17,Generalized urticaria and pruritus,Mild,Allergic skin reaction,0,2025-01-19,Under evaluation
1270,16223,10322,2022-10-20,Gastrointestinal bleeding requiring transfusion,Moderate,Major hemorrhage,0,2022-10-25,Recovered
1271,16230,10328,2023-10-13,Refractory chemotherapy-induced emesis,Moderate,Nausea and vomiting,0,2023-10-14,Under evaluation
1272,16246,10336,2026-03-06,Localized redness and swelling at injection site,Severe,Injection site reaction,1,2026-03-11,Sequelae
1273,16250,10340,2026-06-22,Diffuse muscle pain with elevated creatine kinase,Mild,Myalgia,0,2026-06-23,Recovered
1274,16259,10344,2023-08-05,Orthostatic hypotension with dizziness,Moderate,Dehydration,0,2023-08-05,Under evaluation
1275,16278,10359,2026-08-05,Refractory chemotherapy-induced emesis,Fatal,Nausea and vomiting,1,2026-08-10,Fatal
1276,16289,10367,2026-06-27,Refractory chemotherapy-induced emesis,Moderate,Nausea and vomiting,0,2026-06-28,Recovered
1277,16291,10367,2026-01-14,"Agitation, tremor and hyperreflexia",Moderate,Serotonin syndrome,0,2026-01-19,Ongoing
1278,16302,10375,2025-01-07,Gastrointestinal bleeding requiring transfusion,Mild,Major hemorrhage,0,2025-01-11,Recovered
1279,16311,10381,2025-11-06,Rise in serum creatinine after treatment start,Mild,Acute kidney injury,0,2025-11-09,Under evaluation
1280,16325,10389,2025-10-08,New infection attributable to immunosuppression,Severe,Opportunistic infection,1,2025-10-12,Ongoing
1281,16328,10390,2024-08-26,Metabolic acidosis with elevated lactate,Moderate,Lactic acidosis,0,2024-08-31,Recovered
1282,16332,10392,2025-07-29,Generalized urticaria and pruritus,Moderate,Allergic skin reaction,0,2025-07-29,Recovered
1283,16333,10392,2023-02-15,Sleep disturbance following dose adjustment,Severe,Insomnia,1,2023-02-17,Sequelae
1284,16354,10413,2024-12-27,Gastrointestinal bleeding requiring transfusion,Fatal,Major hemorrhage,1,2024-12-28,Fatal
1285,16355,10414,2025-10-02,Severe drop in absolute neutrophil count,Moderate,Neutropenia,0,2025-10-06,Recovered
1286,16379,10428,2024-04-28,Steroid-induced irritability and insomnia,Moderate,Mood disturbance,0,2024-05-01,Recovered
1287,16383,10430,2023-02-05,Elevated heart rate after inhaler use,Mild,Tachycardia,0,2023-02-05,Under evaluation
1288,16393,10438,2025-11-22,Rapid weight gain over follow-up period,Fatal,Weight gain,0,2025-11-25,Fatal
1289,16418,10457,2024-06-23,Severe opioid-induced constipation,Mild,Constipation,0,2024-06-23,Recovered
1290,16440,10471,2024-09-09,Severe opioid-induced constipation,Mild,Constipation,0,2024-09-10,Recovered
1291,16442,10472,2025-05-03,Low serum magnesium on routine labs,Mild,Hypomagnesemia,0,2025-05-05,Recovered
1292,16444,10473,2026-02-10,Symptomatic low heart rate,Mild,Bradycardia,0,2026-02-13,Under evaluation
1293,16460,10485,2022-12-07,Diffuse muscle pain with elevated creatine kinase,Mild,Myalgia,0,2022-12-08,Recovered
1294,16466,10488,2026-07-02,Unexplained leukopenia on follow-up labs,Severe,Bone marrow suppression,1,2026-07-06,Recovered
1295,16469,10489,2025-08-16,Gastrointestinal bleeding requiring transfusion,Severe,Major hemorrhage,0,2025-08-18,Ongoing
1296,16480,10499,2024-09-04,Upper GI hemorrhage with hematemesis,Moderate,Gastrointestinal bleeding,0,2024-09-08,Recovered
1297,16493,10510,2025-03-06,New-onset tremor and rigidity,Mild,Extrapyramidal symptoms,0,2025-03-08,Recovered
1298,16496,10512,2024-10-16,Rise in serum creatinine after treatment start,Severe,Acute kidney injury,1,2024-10-20,Sequelae
1299,16503,10517,2026-04-27,"Agitation, tremor and hyperreflexia",Moderate,Serotonin syndrome,0,2026-05-02,Ongoing
1300,16514,10522,2024-07-20,Gastrointestinal bleeding requiring transfusion,Severe,Major hemorrhage,1,2024-07-20,Sequelae
1301,16522,10528,2024-08-29,Severe opioid-induced constipation,Moderate,Constipation,0,2024-09-02,Ongoing
1302,16541,10541,2026-01-15,Gastrointestinal bleeding requiring transfusion,Moderate,Major hemorrhage,0,2026-01-16,Ongoing
1303,16546,10544,2025-05-23,"Agitation, tremor and hyperreflexia",Mild,Serotonin syndrome,0,2025-05-26,Recovered
1304,16550,10547,2021-11-11,Symptomatic low heart rate,Mild,Bradycardia,0,2021-11-13,Recovered
1305,16567,10557,2025-12-07,New-onset persistent fatigue,Fatal,Fatigue,1,2025-12-09,Fatal
1306,16580,10569,2026-05-29,"Agitation, tremor and hyperreflexia",Moderate,Serotonin syndrome,0,2026-06-02,Ongoing
1307,16597,10579,2021-12-02,Unwitnessed fall attributed to sedation,Moderate,Falls,0,2021-12-03,Recovered
1308,16600,10583,2025-09-25,Severe drop in absolute neutrophil count,Mild,Neutropenia,0,2025-09-28,Under evaluation
1309,16605,10587,2026-08-16,Persistent non-productive cough unresponsive to antitussives,Moderate,Dry cough,0,2026-08-17,Under evaluation
1310,16619,10597,2023-09-05,Low serum magnesium on routine labs,Mild,Hypomagnesemia,0,2023-09-10,Under evaluation
1311,16624,10599,2023-01-01,Orthostatic hypotension with dizziness,Mild,Dehydration,0,2023-01-03,Recovered
1312,16629,10601,2026-08-07,Low serum magnesium on routine labs,Mild,Hypomagnesemia,0,2026-08-11,Under evaluation
1313,16639,10606,2026-01-09,Steroid-induced irritability and insomnia,Moderate,Mood disturbance,0,2026-01-12,Recovered
1314,16641,10607,2025-10-23,Orthostatic hypotension with dizziness,Moderate,Dehydration,0,2025-10-28,Ongoing
1315,16677,10627,2026-08-10,Decreased respiratory rate requiring monitoring,Mild,Respiratory depression,0,2026-08-12,Under evaluation
1316,16682,10630,2024-08-24,New-onset elevated glucose readings,Severe,Hyperglycemia,1,2024-08-24,Recovered
1317,16722,10653,2022-02-06,New infection attributable to immunosuppression,Mild,Opportunistic infection,0,2022-02-09,Recovered
1318,16735,10661,2025-12-27,Sleep disturbance following dose adjustment,Severe,Insomnia,1,2025-12-29,Sequelae
1319,16753,10669,2020-08-23,Steroid-induced irritability and insomnia,Severe,Mood disturbance,0,2020-08-23,Sequelae
1320,16759,10673,2024-10-03,Low serum magnesium on routine labs,Moderate,Hypomagnesemia,0,2024-10-07,Recovered
1321,16762,10674,2026-01-05,Persistent non-productive cough unresponsive to antitussives,Moderate,Dry cough,0,2026-01-09,Recovered
1322,16770,10679,2026-03-16,Gastrointestinal bleeding requiring transfusion,Severe,Major hemorrhage,0,2026-03-20,Recovered
1323,16812,10702,2023-04-20,Severe opioid-induced constipation,Severe,Constipation,1,2023-04-21,Ongoing
1324,16823,10708,2025-06-24,New-onset elevated glucose readings,Mild,Hyperglycemia,0,2025-06-25,Under evaluation
1325,16833,10713,2023-08-18,Upper GI hemorrhage with hematemesis,Moderate,Gastrointestinal bleeding,0,2023-08-20,Under evaluation
1326,16849,10722,2026-07-14,Extensive spontaneous bruising on limbs,Moderate,Bruising,0,2026-07-19,Recovered
1327,16873,10735,2026-02-03,Elevated heart rate after inhaler use,Moderate,Tachycardia,0,2026-02-04,Recovered
1328,16874,10737,2026-08-03,Rise in creatinine during therapy,Mild,Nephrotoxicity,0,2026-08-04,Under evaluation
1329,16878,10741,2026-04-02,Upper GI hemorrhage with hematemesis,Mild,Gastrointestinal bleeding,0,2026-04-04,Recovered
1330,16887,10747,2024-08-01,Transaminases elevated 3x upper limit of normal,Fatal,Hepatotoxicity,1,2024-08-01,Fatal
1331,16911,10767,2025-10-28,Rise in serum creatinine after treatment start,Moderate,Acute kidney injury,0,2025-11-01,Recovered
1332,16937,10785,2025-10-14,Rise in serum creatinine after treatment start,Moderate,Acute kidney injury,0,2025-10-19,Recovered
1333,16947,10790,2026-05-28,Diffuse muscle pain with elevated creatine kinase,Severe,Myalgia,1,2026-06-02,Ongoing
1334,16966,10801,2021-02-08,New-onset persistent fatigue,Mild,Fatigue,0,2021-02-11,Recovered
1335,16967,10801,2023-11-30,Steroid-induced irritability and insomnia,Mild,Mood disturbance,0,2023-12-02,Recovered
1336,17018,10835,2024-02-13,Recurrent headache following dose escalation,Fatal,Headache,0,2024-02-14,Fatal
1337,17040,10849,2026-05-07,Persistent non-productive cough unresponsive to antitussives,Mild,Dry cough,0,2026-05-12,Recovered
1338,17044,10850,2026-08-07,Severe drop in absolute neutrophil count,Mild,Neutropenia,0,2026-08-11,Recovered
1339,17060,10862,2025-04-22,New-onset elevated glucose readings,Moderate,Hyperglycemia,0,2025-04-27,Under evaluation
1340,17069,10866,2026-01-14,Persistent nausea and diarrhea after dosing,Moderate,Gastrointestinal upset,0,2026-01-16,Ongoing
1341,17072,10868,2025-08-09,New infection attributable to immunosuppression,Moderate,Opportunistic infection,0,2025-08-11,Ongoing
1342,17080,10873,2026-07-19,Symptomatic low heart rate,Mild,Bradycardia,0,2026-07-22,Recovered
1343,17093,10882,2026-08-01,New-onset sleep disturbance after starting therapy,Mild,Insomnia,0,2026-08-06,Recovered
1344,17097,10885,2020-08-17,Gastrointestinal bleeding requiring transfusion,Mild,Major hemorrhage,0,2020-08-21,Recovered
1345,17108,10889,2023-02-27,New-onset tachyarrhythmia after dose increase,Moderate,Palpitations,0,2023-03-01,Under evaluation
1346,17121,10898,2026-02-20,Persistent nausea and diarrhea after dosing,Mild,Gastrointestinal upset,0,2026-02-25,Recovered
1347,17126,10901,2022-11-09,Persistent nausea and diarrhea after dosing,Mild,Gastrointestinal upset,0,2022-11-14,Recovered
1348,17130,10904,2026-06-04,Severe drop in absolute neutrophil count,Moderate,Neutropenia,0,2026-06-08,Recovered
1349,17132,10906,2023-12-11,New lower-limb swelling,Moderate,Peripheral edema,0,2023-12-12,Recovered
1350,17141,10910,2022-05-16,Severe opioid-induced constipation,Moderate,Constipation,0,2022-05-21,Recovered
1351,17148,10914,2026-02-06,Blood glucose below 50 mg/dL with symptoms,Moderate,Hypoglycemia,0,2026-02-07,Recovered
1352,17151,10920,2026-06-14,Acute rise in serum creatinine,Mild,Nephrotoxicity,0,2026-06-19,Recovered
1353,17159,10925,2025-11-22,Rise in serum creatinine after treatment start,Mild,Acute kidney injury,0,2025-11-24,Recovered
1354,17162,10928,2026-06-19,New-onset persistent fatigue,Moderate,Fatigue,0,2026-06-24,Recovered
1355,17184,10942,2025-08-12,Diffuse maculopapular rash,Mild,Rash,0,2025-08-16,Recovered
1356,17185,10943,2024-09-18,Low serum magnesium on routine labs,Moderate,Hypomagnesemia,0,2024-09-21,Recovered
1357,17199,10949,2026-03-31,Transaminases elevated 3x upper limit of normal,Severe,Hepatotoxicity,1,2026-04-04,Recovered
1358,17231,10966,2026-06-19,Localized redness and swelling at injection site,Mild,Injection site reaction,0,2026-06-19,Recovered
1359,17251,10977,2025-10-04,New-onset tachyarrhythmia after dose increase,Moderate,Palpitations,0,2025-10-09,Under evaluation
1360,17264,10981,2022-04-01,New-onset tremor and rigidity,Mild,Extrapyramidal symptoms,0,2022-04-06,Recovered
1361,17277,10989,2024-01-29,Severe opioid-induced constipation,Fatal,Constipation,1,2024-02-01,Fatal
1362,17280,10990,2025-09-12,New-onset sleep disturbance after starting therapy,Moderate,Insomnia,0,2025-09-16,Ongoing
1363,17308,11015,2025-05-13,Severe opioid-induced constipation,Mild,Constipation,0,2025-05-17,Recovered
1364,17315,11017,2025-05-22,Acute hypotension and airway swelling after dose,Mild,Anaphylaxis,0,2025-05-23,Under evaluation
1365,17320,11019,2026-03-16,Severe opioid-induced constipation,Mild,Constipation,0,2026-03-17,Recovered
1366,17322,11020,2025-11-05,Rise in creatinine during therapy,Moderate,Nephrotoxicity,0,2025-11-06,Recovered
1367,17323,11021,2022-03-13,New infection attributable to immunosuppression,Fatal,Opportunistic infection,1,2022-03-17,Fatal
1368,17337,11030,2024-10-07,Blood glucose below 50 mg/dL with symptoms,Moderate,Hypoglycemia,0,2024-10-10,Recovered
1369,17340,11031,2026-04-05,Upper GI hemorrhage with hematemesis,Fatal,Gastrointestinal bleeding,1,2026-04-06,Fatal
1370,17348,11035,2022-02-05,Extensive spontaneous bruising on limbs,Severe,Bruising,1,2022-02-08,Recovered
1371,17350,11038,2026-03-08,Steroid-induced irritability and insomnia,Mild,Mood disturbance,0,2026-03-09,Recovered
1372,17370,11050,2021-07-27,Blood glucose below 50 mg/dL with symptoms,Fatal,Hypoglycemia,1,2021-07-27,Fatal
1373,17385,11061,2026-06-08,Extensive spontaneous bruising on limbs,Severe,Bruising,0,2026-06-10,Ongoing
1374,17409,11079,2024-11-05,Rise in serum creatinine after treatment start,Moderate,Acute kidney injury,0,2024-11-06,Recovered
1375,17411,11082,2022-05-28,Severe opioid-induced constipation,Mild,Constipation,0,2022-05-29,Under evaluation
1376,17418,11088,2026-07-27,New-onset sleep disturbance after starting therapy,Moderate,Insomnia,0,2026-07-27,Under evaluation
1377,17438,11101,2024-03-24,Extensive spontaneous bruising on limbs,Severe,Bruising,0,2024-03-28,Sequelae
1378,17443,11104,2026-06-06,Symptomatic low heart rate,Mild,Bradycardia,0,2026-06-07,Recovered
1379,17444,11104,2026-05-24,Metabolic acidosis with elevated lactate,Mild,Lactic acidosis,0,2026-05-29,Recovered
1380,17445,11105,2026-03-18,Transaminases elevated 3x upper limit of normal,Fatal,Hepatotoxicity,0,2026-03-20,Fatal
1381,17451,11111,2022-01-20,Upper GI hemorrhage with hematemesis,Mild,Gastrointestinal bleeding,0,2022-01-24,Under evaluation
1382,17454,11112,2020-12-09,Steroid-induced irritability and insomnia,Severe,Mood disturbance,1,2020-12-13,Sequelae
1383,17509,11148,2024-06-28,Generalized urticaria and pruritus,Mild,Allergic skin reaction,0,2024-07-03,Under evaluation
1384,17527,11160,2025-01-08,Excessive daytime somnolence,Mild,Sedation,0,2025-01-12,Recovered
1385,17535,11165,2026-03-17,New-onset sleep disturbance after starting therapy,Mild,Insomnia,0,2026-03-22,Recovered
1386,17542,11168,2021-04-14,Rise in serum creatinine after treatment start,Moderate,Acute kidney injury,0,2021-04-18,Ongoing
1387,17548,11173,2026-04-29,Facial and lip swelling with mild airway compromise,Mild,Angioedema,0,2026-05-02,Recovered
1388,17575,11192,2025-01-13,Severe opioid-induced constipation,Moderate,Constipation,0,2025-01-16,Under evaluation
1389,17581,11195,2026-05-15,Rise in serum creatinine after treatment start,Severe,Acute kidney injury,1,2026-05-17,Recovered
1390,17582,11198,2026-07-14,Steroid-induced irritability and insomnia,Severe,Mood disturbance,1,2026-07-17,Sequelae
1391,17637,11234,2025-12-28,Refractory chemotherapy-induced emesis,Mild,Nausea and vomiting,0,2026-01-02,Recovered
1392,17639,11235,2026-07-13,Generalized urticaria and pruritus,Mild,Allergic skin reaction,0,2026-07-18,Recovered
1393,17642,11236,2024-10-06,Steroid-induced irritability and insomnia,Severe,Mood disturbance,1,2024-10-09,Recovered
1394,17647,11238,2024-04-29,New-onset persistent fatigue,Mild,Fatigue,0,2024-05-03,Recovered
1395,17668,11248,2026-07-16,Acute hypotension and airway swelling after dose,Moderate,Anaphylaxis,0,2026-07-21,Ongoing
1396,17675,11252,2024-08-16,New-onset tremor and rigidity,Severe,Extrapyramidal symptoms,1,2024-08-20,Ongoing
1397,17682,11257,2025-03-28,Facial and lip swelling with mild airway compromise,Moderate,Angioedema,0,2025-04-01,Under evaluation
1398,17690,11263,2026-07-05,Unwitnessed fall attributed to sedation,Moderate,Falls,0,2026-07-10,Ongoing
1399,17698,11267,2026-02-14,Sleep disturbance following dose adjustment,Mild,Insomnia,0,2026-02-19,Recovered
1400,17704,11271,2024-03-18,New-onset elevated glucose readings,Moderate,Hyperglycemia,0,2024-03-20,Ongoing
1401,17705,11271,2025-11-05,Extensive spontaneous bruising on limbs,Moderate,Bruising,0,2025-11-05,Recovered
1402,17707,11273,2026-07-27,Metabolic acidosis with elevated lactate,Mild,Lactic acidosis,0,2026-07-31,Under evaluation
1403,17708,11273,2025-01-07,Gastrointestinal bleeding requiring transfusion,Moderate,Major hemorrhage,0,2025-01-12,Recovered
1404,17749,11301,2024-11-25,Severe opioid-induced constipation,Mild,Constipation,0,2024-11-26,Recovered
1405,17764,11311,2026-05-21,New infection attributable to immunosuppression,Severe,Opportunistic infection,1,2026-05-22,Ongoing
1406,17773,11318,2025-09-20,Symptomatic low heart rate,Severe,Bradycardia,1,2025-09-25,Recovered
1407,17782,11323,2022-06-02,Acute rise in serum creatinine,Moderate,Nephrotoxicity,0,2022-06-04,Recovered
1408,17787,11324,2023-01-10,Sleep disturbance following dose adjustment,Moderate,Insomnia,0,2023-01-12,Recovered
1409,17792,11326,2026-02-09,"Agitation, tremor and hyperreflexia",Mild,Serotonin syndrome,0,2026-02-09,Recovered
1410,17802,11338,2022-03-05,Low serum potassium on routine labs,Severe,Hypokalemia,0,2022-03-08,Recovered
1411,17822,11349,2025-08-06,Low serum magnesium on routine labs,Severe,Hypomagnesemia,1,2025-08-08,Sequelae
1412,17828,11351,2025-12-26,Severe drop in absolute neutrophil count,Mild,Neutropenia,0,2025-12-31,Recovered
1413,17831,11353,2026-05-14,Extensive spontaneous bruising on limbs,Severe,Bruising,1,2026-05-18,Ongoing
1414,17840,11355,2026-08-11,Gastrointestinal bleeding requiring transfusion,Severe,Major hemorrhage,0,2026-08-16,Ongoing
1415,17845,11358,2025-03-19,Rise in serum creatinine after treatment start,Fatal,Acute kidney injury,1,2025-03-24,Fatal
1416,17849,11359,2025-03-12,Diffuse muscle pain with elevated creatine kinase,Moderate,Myalgia,0,2025-03-17,Ongoing
1417,17850,11360,2025-10-14,Persistent nausea and diarrhea after dosing,Mild,Gastrointestinal upset,0,2025-10-18,Recovered
1418,17879,11378,2022-01-20,Extensive spontaneous bruising on limbs,Moderate,Bruising,0,2022-01-21,Recovered
1419,17892,11385,2023-07-19,Severe opioid-induced constipation,Mild,Constipation,0,2023-07-20,Under evaluation
1420,17896,11387,2024-03-19,Generalized urticaria and pruritus,Mild,Allergic skin reaction,0,2024-03-23,Recovered
1421,17917,11400,2025-09-06,Facial and lip swelling with mild airway compromise,Mild,Angioedema,0,2025-09-08,Recovered
1422,17948,11424,2024-12-03,Upper GI hemorrhage with hematemesis,Mild,Gastrointestinal bleeding,0,2024-12-08,Recovered
1423,17952,11429,2024-04-11,Diffuse maculopapular rash,Severe,Rash,1,2024-04-14,Recovered
1424,17996,11459,2026-05-19,Decreased respiratory rate requiring monitoring,Mild,Respiratory depression,0,2026-05-20,Recovered
1425,18014,11469,2024-06-12,Extensive spontaneous bruising on limbs,Moderate,Bruising,0,2024-06-15,Ongoing
1426,18017,11471,2026-08-14,New-onset sleep disturbance after starting therapy,Moderate,Insomnia,0,2026-08-17,Recovered
1427,18019,11474,2026-06-22,Generalized urticaria and pruritus,Moderate,Allergic skin reaction,0,2026-06-26,Under evaluation
1428,18050,11495,2023-05-15,Low serum magnesium on routine labs,Mild,Hypomagnesemia,0,2023-05-18,Under evaluation
1429,18061,11500,2025-04-17,Steroid-induced irritability and insomnia,Fatal,Mood disturbance,1,2025-04-22,Fatal
1430,18093,11519,2023-07-03,New-onset elevated glucose readings,Mild,Hyperglycemia,0,2023-07-06,Under evaluation
1431,18097,11521,2026-01-11,Facial and lip swelling with mild airway compromise,Mild,Angioedema,0,2026-01-13,Under evaluation
1432,18104,11523,2025-12-18,Rapid weight gain over follow-up period,Mild,Weight gain,0,2025-12-21,Recovered
1433,18106,11524,2026-06-19,Acute rise in serum creatinine,Fatal,Nephrotoxicity,1,2026-06-20,Fatal
1434,18114,11529,2025-06-10,Low serum potassium on routine labs,Moderate,Hypokalemia,0,2025-06-13,Under evaluation
1435,18131,11536,2026-07-29,New-onset persistent fatigue,Moderate,Fatigue,0,2026-07-30,Recovered
1436,18137,11541,2026-06-23,Rapid weight gain over follow-up period,Mild,Weight gain,0,2026-06-24,Recovered
1437,18138,11541,2026-02-20,New-onset sleep disturbance after starting therapy,Mild,Insomnia,0,2026-02-22,Recovered
1438,18139,11542,2025-01-08,Metabolic acidosis with elevated lactate,Mild,Lactic acidosis,0,2025-01-12,Recovered
1439,18173,11562,2026-05-24,Low serum potassium on routine labs,Severe,Hypokalemia,0,2026-05-25,Ongoing
1440,18201,11581,2026-07-27,Recurrent headache following dose escalation,Mild,Headache,0,2026-07-28,Under evaluation
1441,18203,11582,2026-03-05,Persistent non-productive cough unresponsive to antitussives,Mild,Dry cough,0,2026-03-10,Recovered
1442,18237,11605,2020-12-02,Extensive spontaneous bruising on limbs,Fatal,Bruising,1,2020-12-04,Fatal
1443,18251,11616,2025-10-19,Unwitnessed fall attributed to sedation,Mild,Falls,0,2025-10-24,Recovered
1444,18274,11630,2026-05-04,Symptomatic low heart rate,Moderate,Bradycardia,0,2026-05-04,Recovered
1445,18317,11659,2025-05-28,Excessive daytime somnolence,Mild,Sedation,0,2025-06-01,Under evaluation
1446,18318,11659,2023-03-20,Steroid-induced irritability and insomnia,Mild,Mood disturbance,0,2023-03-22,Recovered
1447,18322,11666,2024-10-13,Generalized urticaria and pruritus,Mild,Allergic skin reaction,0,2024-10-18,Under evaluation
1448,18341,11677,2026-06-18,Gastrointestinal bleeding requiring transfusion,Severe,Major hemorrhage,0,2026-06-19,Ongoing
1449,18344,11679,2026-05-18,New-onset tachyarrhythmia after dose increase,Moderate,Palpitations,0,2026-05-21,Recovered
1450,18348,11683,2025-01-24,Unwitnessed fall attributed to sedation,Moderate,Falls,0,2025-01-27,Under evaluation
1451,18350,11685,2024-11-10,Persistent non-productive cough unresponsive to antitussives,Mild,Dry cough,0,2024-11-10,Recovered
1452,18354,11688,2023-02-14,Severe drop in absolute neutrophil count,Moderate,Neutropenia,0,2023-02-19,Recovered
1453,18364,11694,2024-07-11,Orthostatic hypotension with dizziness,Moderate,Dehydration,0,2024-07-16,Under evaluation
1454,18369,11699,2025-06-15,Extensive spontaneous bruising on limbs,Moderate,Bruising,0,2025-06-19,Ongoing
1455,18371,11700,2026-07-23,Acute rise in serum creatinine,Moderate,Nephrotoxicity,0,2026-07-27,Under evaluation
1456,18377,11703,2026-01-06,New-onset sleep disturbance after starting therapy,Mild,Insomnia,0,2026-01-09,Recovered
1457,18392,11714,2022-09-11,Decreased respiratory rate requiring monitoring,Mild,Respiratory depression,0,2022-09-15,Recovered
1458,18397,11717,2026-07-29,Persistent nausea and diarrhea after dosing,Moderate,Gastrointestinal upset,0,2026-08-02,Recovered
1459,18405,11723,2024-12-14,New-onset tachyarrhythmia after dose increase,Mild,Palpitations,0,2024-12-17,Recovered
1460,18408,11724,2026-04-04,Severe drop in absolute neutrophil count,Severe,Neutropenia,1,2026-04-04,Sequelae
1461,18416,11731,2025-09-09,"Agitation, tremor and hyperreflexia",Severe,Serotonin syndrome,1,2025-09-14,Sequelae
1462,18462,11761,2026-07-18,Rapid weight gain over follow-up period,Moderate,Weight gain,0,2026-07-22,Under evaluation
1463,18472,11768,2026-04-26,New-onset sleep disturbance after starting therapy,Severe,Insomnia,1,2026-04-26,Recovered
1464,18518,11801,2026-06-17,Excessive daytime somnolence,Fatal,Sedation,1,2026-06-20,Fatal
1465,18520,11805,2025-10-16,Orthostatic hypotension with dizziness,Mild,Dehydration,0,2025-10-19,Recovered
1466,18523,11808,2023-01-02,Steroid-induced irritability and insomnia,Moderate,Mood disturbance,0,2023-01-03,Under evaluation
1467,18526,11809,2022-06-29,Unwitnessed fall attributed to sedation,Severe,Falls,0,2022-07-04,Recovered
1468,18530,11811,2024-06-08,Severe opioid-induced constipation,Mild,Constipation,0,2024-06-10,Recovered
1469,18546,11820,2026-01-18,Acute rise in serum creatinine,Severe,Nephrotoxicity,1,2026-01-20,Sequelae
1470,18547,11820,2026-01-11,Excessive daytime somnolence,Mild,Sedation,0,2026-01-13,Recovered
1471,18552,11822,2025-04-08,Decreased respiratory rate requiring monitoring,Mild,Respiratory depression,0,2025-04-08,Recovered
1472,18556,11824,2026-04-14,Unwitnessed fall attributed to sedation,Severe,Falls,1,2026-04-19,Ongoing
1473,18571,11831,2025-12-07,Localized redness and swelling at injection site,Mild,Injection site reaction,0,2025-12-11,Recovered
1474,18598,11852,2026-06-06,Persistent non-productive cough unresponsive to antitussives,Mild,Dry cough,0,2026-06-11,Recovered
1475,18601,11853,2025-03-18,Unwitnessed fall attributed to sedation,Mild,Falls,0,2025-03-21,Recovered
1476,18619,11864,2026-03-25,Severe opioid-induced constipation,Moderate,Constipation,0,2026-03-27,Recovered
1477,18620,11864,2025-08-31,Blood glucose below 50 mg/dL with symptoms,Moderate,Hypoglycemia,0,2025-08-31,Recovered
1478,18647,11883,2026-05-08,"Agitation, tremor and hyperreflexia",Fatal,Serotonin syndrome,0,2026-05-13,Fatal
1479,18678,11900,2023-03-31,Symptomatic low heart rate,Mild,Bradycardia,0,2023-04-02,Under evaluation
1480,18679,11901,2025-03-20,New-onset sleep disturbance after starting therapy,Moderate,Insomnia,0,2025-03-21,Under evaluation
1481,18716,11927,2025-10-23,Rise in serum creatinine after treatment start,Severe,Acute kidney injury,0,2025-10-26,Ongoing
1482,18729,11937,2026-08-03,New-onset sleep disturbance after starting therapy,Mild,Insomnia,0,2026-08-06,Recovered
1483,18738,11944,2024-06-22,"Agitation, tremor and hyperreflexia",Mild,Serotonin syndrome,0,2024-06-25,Recovered
1484,18841,12005,2022-03-22,"Agitation, tremor and hyperreflexia",Mild,Serotonin syndrome,0,2022-03-27,Recovered
1485,18845,12007,2024-08-22,Rise in serum creatinine after treatment start,Mild,Acute kidney injury,0,2024-08-24,Recovered
1486,18860,12021,2024-03-03,Persistent nausea and diarrhea after dosing,Moderate,Gastrointestinal upset,0,2024-03-08,Ongoing
1487,18862,12022,2025-10-05,Rise in serum creatinine after treatment start,Severe,Acute kidney injury,1,2025-10-09,Ongoing
1488,18869,12026,2026-05-06,Excessive daytime somnolence,Mild,Sedation,0,2026-05-08,Recovered
1489,18877,12030,2026-07-10,Elevated heart rate after inhaler use,Mild,Tachycardia,0,2026-07-12,Recovered
1490,18882,12031,2022-06-11,New-onset elevated glucose readings,Moderate,Hyperglycemia,0,2022-06-11,Recovered
1491,18886,12032,2024-07-18,Extensive spontaneous bruising on limbs,Moderate,Bruising,0,2024-07-18,Ongoing
1492,18903,12042,2024-03-07,Blood glucose below 50 mg/dL with symptoms,Severe,Hypoglycemia,1,2024-03-09,Recovered
1493,18906,12044,2026-06-14,New-onset persistent fatigue,Severe,Fatigue,1,2026-06-14,Recovered
1494,18911,12046,2025-10-04,New-onset elevated glucose readings,Moderate,Hyperglycemia,0,2025-10-05,Recovered
1495,18921,12049,2026-06-02,Rise in serum creatinine after treatment start,Moderate,Acute kidney injury,0,2026-06-02,Recovered
1496,18941,12068,2026-06-20,Steroid-induced irritability and insomnia,Fatal,Mood disturbance,0,2026-06-22,Fatal
1497,18948,12071,2024-01-02,Rise in serum creatinine after treatment start,Moderate,Acute kidney injury,0,2024-01-04,Ongoing
1498,18950,12072,2026-07-07,Generalized urticaria and pruritus,Mild,Allergic skin reaction,0,2026-07-12,Recovered
1499,18958,12077,2026-08-08,New-onset tremor and rigidity,Severe,Extrapyramidal symptoms,1,2026-08-12,Sequelae
1500,18961,12079,2025-11-02,Persistent non-productive cough unresponsive to antitussives,Mild,Dry cough,0,2025-11-07,Recovered
1501,18968,12084,2024-05-29,Rise in serum creatinine after treatment start,Moderate,Acute kidney injury,0,2024-05-31,Recovered
1502,18976,12090,2026-07-21,Rapid weight gain over follow-up period,Mild,Weight gain,0,2026-07-25,Under evaluation
1503,18998,12106,2026-07-08,Persistent nausea and diarrhea after dosing,Moderate,Gastrointestinal upset,0,2026-07-08,Ongoing
1504,19011,12116,2026-05-10,Gastrointestinal bleeding requiring transfusion,Moderate,Major hemorrhage,0,2026-05-14,Under evaluation
1505,19012,12117,2026-08-15,Acute rise in serum creatinine,Severe,Nephrotoxicity,0,2026-08-17,Recovered
1506,19071,12147,2026-06-11,Low serum magnesium on routine labs,Moderate,Hypomagnesemia,0,2026-06-15,Recovered
1507,19102,12164,2025-04-14,Gastrointestinal bleeding requiring transfusion,Severe,Major hemorrhage,0,2025-04-17,Sequelae
1508,19107,12166,2026-04-23,Gastrointestinal bleeding requiring transfusion,Fatal,Major hemorrhage,1,2026-04-23,Fatal
1509,19120,12174,2026-07-30,Acute rise in serum creatinine,Moderate,Nephrotoxicity,0,2026-08-02,Recovered
1510,19121,12174,2026-03-31,Gastrointestinal bleeding requiring transfusion,Fatal,Major hemorrhage,1,2026-04-05,Fatal
1511,19151,12192,2026-02-10,Upper GI hemorrhage with hematemesis,Mild,Gastrointestinal bleeding,0,2026-02-15,Recovered
1512,19156,12195,2025-03-01,Severe drop in absolute neutrophil count,Severe,Neutropenia,1,2025-03-02,Sequelae
1513,19164,12200,2026-08-10,"Agitation, tremor and hyperreflexia",Moderate,Serotonin syndrome,0,2026-08-13,Recovered
1514,19171,12206,2026-01-26,Upper GI hemorrhage with hematemesis,Mild,Gastrointestinal bleeding,0,2026-01-30,Recovered
1515,19173,12207,2026-07-28,Acute hypotension and airway swelling after dose,Moderate,Anaphylaxis,0,2026-07-31,Recovered
1516,19180,12211,2024-03-08,Low serum potassium on routine labs,Mild,Hypokalemia,0,2024-03-08,Recovered
1517,19183,12214,2024-11-09,Persistent non-productive cough unresponsive to antitussives,Moderate,Dry cough,0,2024-11-09,Recovered
1518,19186,12216,2023-02-17,Acute hypotension and airway swelling after dose,Mild,Anaphylaxis,0,2023-02-21,Recovered
1519,19228,12244,2023-03-28,"Agitation, tremor and hyperreflexia",Moderate,Serotonin syndrome,0,2023-03-31,Under evaluation
1520,19231,12245,2026-07-13,Persistent non-productive cough unresponsive to antitussives,Mild,Dry cough,0,2026-07-17,Recovered
1521,19244,12251,2024-08-11,Localized redness and swelling at injection site,Mild,Injection site reaction,0,2024-08-16,Recovered
1522,19247,12253,2023-05-05,Refractory chemotherapy-induced emesis,Fatal,Nausea and vomiting,1,2023-05-06,Fatal
1523,19260,12260,2023-11-10,Gastrointestinal bleeding requiring transfusion,Severe,Major hemorrhage,1,2023-11-15,Recovered
1524,19261,12260,2021-12-15,New-onset sleep disturbance after starting therapy,Mild,Insomnia,0,2021-12-18,Recovered
1525,19273,12272,2026-07-30,New-onset sleep disturbance after starting therapy,Mild,Insomnia,0,2026-08-04,Recovered
1526,19288,12282,2024-09-03,Upper GI hemorrhage with hematemesis,Moderate,Gastrointestinal bleeding,0,2024-09-06,Recovered
1527,19296,12290,2026-08-08,New-onset tachyarrhythmia after dose increase,Severe,Palpitations,1,2026-08-09,Recovered
1528,19301,12295,2024-06-27,Acute hypotension and airway swelling after dose,Mild,Anaphylaxis,0,2024-06-27,Under evaluation
1529,19314,12301,2025-06-24,Steroid-induced irritability and insomnia,Mild,Mood disturbance,0,2025-06-28,Recovered
1530,19328,12310,2026-02-04,New infection attributable to immunosuppression,Moderate,Opportunistic infection,0,2026-02-04,Under evaluation
1531,19331,12311,2023-05-17,New infection attributable to immunosuppression,Mild,Opportunistic infection,0,2023-05-20,Recovered
1532,19339,12314,2023-02-08,New infection attributable to immunosuppression,Mild,Opportunistic infection,0,2023-02-08,Recovered
1533,19342,12318,2024-12-03,Steroid-induced irritability and insomnia,Fatal,Mood disturbance,0,2024-12-04,Fatal
1534,19353,12329,2023-07-18,Severe opioid-induced constipation,Severe,Constipation,0,2023-07-19,Recovered
1535,19374,12342,2026-06-30,Elevated liver transaminases on routine panel,Moderate,Hepatotoxicity,0,2026-07-03,Recovered
1536,19382,12346,2024-09-29,New-onset sleep disturbance after starting therapy,Moderate,Insomnia,0,2024-10-02,Ongoing
1537,19391,12354,2026-03-12,Excessive daytime somnolence,Mild,Sedation,0,2026-03-16,Recovered
1538,19396,12360,2023-05-06,Excessive daytime somnolence,Severe,Sedation,0,2023-05-08,Recovered
1539,19416,12370,2022-08-29,Orthostatic hypotension with dizziness,Mild,Dehydration,0,2022-08-30,Recovered
1540,19441,12383,2025-01-23,Excessive daytime somnolence,Moderate,Sedation,0,2025-01-24,Recovered
1541,19445,12385,2025-02-17,Diffuse muscle pain with elevated creatine kinase,Moderate,Myalgia,0,2025-02-17,Under evaluation
1542,19449,12388,2025-11-22,"Agitation, tremor and hyperreflexia",Severe,Serotonin syndrome,1,2025-11-26,Ongoing
1543,19458,12392,2022-09-03,New-onset persistent fatigue,Mild,Fatigue,0,2022-09-08,Under evaluation
1544,19473,12404,2024-09-15,Persistent non-productive cough unresponsive to antitussives,Moderate,Dry cough,0,2024-09-16,Recovered
1545,19500,12422,2026-08-12,New-onset elevated glucose readings,Mild,Hyperglycemia,0,2026-08-13,Under evaluation
1546,19504,12423,2021-05-20,Refractory chemotherapy-induced emesis,Mild,Nausea and vomiting,0,2021-05-23,Recovered
1547,19524,12434,2023-01-13,Low serum potassium on routine labs,Mild,Hypokalemia,0,2023-01-15,Recovered
1548,19538,12443,2026-03-05,"Agitation, tremor and hyperreflexia",Moderate,Serotonin syndrome,0,2026-03-07,Under evaluation
1549,19566,12457,2025-12-24,Decreased respiratory rate requiring monitoring,Severe,Respiratory depression,1,2025-12-28,Recovered
1550,19575,12463,2026-07-18,Severe drop in absolute neutrophil count,Severe,Neutropenia,1,2026-07-23,Sequelae
1551,19580,12470,2024-11-12,New lower-limb swelling,Mild,Peripheral edema,0,2024-11-16,Recovered
1552,19596,12482,2022-11-23,Extensive spontaneous bruising on limbs,Moderate,Bruising,0,2022-11-23,Recovered
1553,19611,12490,2023-09-11,Acute hypotension and airway swelling after dose,Mild,Anaphylaxis,0,2023-09-15,Recovered
1554,19615,12491,2023-12-16,Severe opioid-induced constipation,Severe,Constipation,1,2023-12-17,Ongoing
1555,19618,12493,2023-05-23,Elevated liver transaminases on routine panel,Fatal,Hepatotoxicity,1,2023-05-24,Fatal
1556,19638,12504,2024-11-24,Persistent non-productive cough unresponsive to antitussives,Mild,Dry cough,0,2024-11-27,Recovered
1557,19639,12505,2024-06-01,Decreased respiratory rate requiring monitoring,Severe,Respiratory depression,0,2024-06-03,Recovered
1558,19643,12506,2024-05-19,Upper GI hemorrhage with hematemesis,Moderate,Gastrointestinal bleeding,0,2024-05-21,Recovered
1559,19680,12526,2026-05-28,New lower-limb swelling,Moderate,Peripheral edema,0,2026-05-29,Recovered
1560,19706,12542,2023-02-11,Unwitnessed fall attributed to sedation,Severe,Falls,1,2023-02-11,Sequelae
1561,19714,12549,2026-02-22,Unwitnessed fall attributed to sedation,Severe,Falls,1,2026-02-25,Sequelae
1562,19756,12577,2024-05-23,Unwitnessed fall attributed to sedation,Moderate,Falls,0,2024-05-25,Recovered
1563,19777,12590,2026-01-02,Rise in serum creatinine after treatment start,Mild,Acute kidney injury,0,2026-01-05,Under evaluation
1564,19787,12595,2024-03-06,Sleep disturbance following dose adjustment,Mild,Insomnia,0,2024-03-09,Under evaluation
1565,19789,12597,2025-10-31,New-onset tremor and rigidity,Mild,Extrapyramidal symptoms,0,2025-11-05,Recovered
1566,19800,12606,2026-02-04,Extensive spontaneous bruising on limbs,Moderate,Bruising,0,2026-02-07,Under evaluation
1567,19802,12607,2026-07-16,Upper GI hemorrhage with hematemesis,Severe,Gastrointestinal bleeding,0,2026-07-19,Sequelae
1568,19815,12617,2026-04-03,Upper GI hemorrhage with hematemesis,Mild,Gastrointestinal bleeding,0,2026-04-04,Recovered
1569,19834,12628,2026-07-04,Upper GI hemorrhage with hematemesis,Mild,Gastrointestinal bleeding,0,2026-07-09,Recovered
1570,19847,12637,2022-08-12,Gastrointestinal bleeding requiring transfusion,Moderate,Major hemorrhage,0,2022-08-16,Under evaluation
1571,19856,12641,2025-10-12,Diffuse muscle pain with elevated creatine kinase,Mild,Myalgia,0,2025-10-17,Recovered
1572,19861,12643,2026-03-29,Unwitnessed fall attributed to sedation,Mild,Falls,0,2026-03-29,Recovered
1573,19882,12656,2026-04-15,Diffuse muscle pain with elevated creatine kinase,Mild,Myalgia,0,2026-04-17,Recovered
1574,19889,12661,2025-06-26,Steroid-induced irritability and insomnia,Severe,Mood disturbance,1,2025-06-30,Sequelae
1575,19892,12662,2024-06-13,Gastrointestinal bleeding requiring transfusion,Moderate,Major hemorrhage,0,2024-06-16,Under evaluation
1576,19922,12681,2025-11-17,Upper GI hemorrhage with hematemesis,Mild,Gastrointestinal bleeding,0,2025-11-20,Recovered
1577,19944,12693,2026-06-18,Unexplained leukopenia on follow-up labs,Moderate,Bone marrow suppression,0,2026-06-22,Ongoing
1578,19976,12709,2023-07-16,Gastrointestinal bleeding requiring transfusion,Fatal,Major hemorrhage,1,2023-07-20,Fatal
1579,19996,12720,2025-01-02,New-onset elevated glucose readings,Moderate,Hyperglycemia,0,2025-01-03,Ongoing
1580,20001,12723,2024-09-17,Low serum magnesium on routine labs,Moderate,Hypomagnesemia,0,2024-09-21,Recovered
1581,20027,12737,2026-01-01,Acute hypotension and airway swelling after dose,Mild,Anaphylaxis,0,2026-01-02,Under evaluation
1582,20061,12755,2025-08-26,Severe drop in absolute neutrophil count,Mild,Neutropenia,0,2025-08-31,Recovered
1583,20084,12771,2026-03-05,Rapid weight gain over follow-up period,Mild,Weight gain,0,2026-03-08,Under evaluation
1584,20108,12787,2026-07-03,Extensive spontaneous bruising on limbs,Moderate,Bruising,0,2026-07-04,Recovered
1585,20111,12788,2025-05-19,Extensive spontaneous bruising on limbs,Fatal,Bruising,0,2025-05-24,Fatal
1586,20115,12789,2026-02-25,Extensive spontaneous bruising on limbs,Mild,Bruising,0,2026-03-01,Under evaluation
1587,20135,12799,2025-03-05,New-onset elevated glucose readings,Severe,Hyperglycemia,1,2025-03-10,Sequelae
1588,20136,12800,2025-07-29,Excessive daytime somnolence,Mild,Sedation,0,2025-08-02,Recovered
1589,20151,12810,2026-07-17,Metabolic acidosis with elevated lactate,Mild,Lactic acidosis,0,2026-07-22,Recovered
1590,20164,12816,2026-04-22,Refractory chemotherapy-induced emesis,Moderate,Nausea and vomiting,0,2026-04-24,Recovered
1591,20167,12817,2023-05-10,New infection attributable to immunosuppression,Moderate,Opportunistic infection,0,2023-05-15,Recovered
1592,20182,12830,2025-12-22,Extensive spontaneous bruising on limbs,Moderate,Bruising,0,2025-12-27,Recovered
1593,20187,12836,2026-03-07,Steroid-induced irritability and insomnia,Mild,Mood disturbance,0,2026-03-11,Recovered
1594,20190,12838,2024-01-03,Sleep disturbance following dose adjustment,Moderate,Insomnia,0,2024-01-07,Recovered
1595,20201,12845,2026-05-03,"Agitation, tremor and hyperreflexia",Moderate,Serotonin syndrome,0,2026-05-06,Under evaluation
1596,20208,12850,2026-08-10,Localized redness and swelling at injection site,Mild,Injection site reaction,0,2026-08-11,Recovered
1597,20210,12851,2024-06-01,Transaminases elevated 3x upper limit of normal,Moderate,Hepatotoxicity,0,2024-06-02,Recovered
1598,20217,12855,2023-12-01,Transaminases elevated 3x upper limit of normal,Mild,Hepatotoxicity,0,2023-12-04,Recovered
1599,20246,12874,2025-03-11,Severe drop in absolute neutrophil count,Fatal,Neutropenia,1,2025-03-12,Fatal
1600,20256,12882,2023-02-03,Elevated liver transaminases on routine panel,Mild,Hepatotoxicity,0,2023-02-07,Recovered
1601,20270,12890,2023-07-17,"Agitation, tremor and hyperreflexia",Moderate,Serotonin syndrome,0,2023-07-17,Recovered
1602,20284,12900,2025-01-22,Unwitnessed fall attributed to sedation,Mild,Falls,0,2025-01-27,Recovered
1603,20314,12919,2024-03-12,Gastrointestinal bleeding requiring transfusion,Moderate,Major hemorrhage,0,2024-03-12,Under evaluation
1604,20341,12934,2026-05-14,Low serum potassium on routine labs,Moderate,Hypokalemia,0,2026-05-15,Ongoing
1605,20350,12938,2026-04-06,Transaminases elevated 3x upper limit of normal,Moderate,Hepatotoxicity,0,2026-04-10,Ongoing
1606,20354,12940,2025-08-03,Diffuse muscle pain with elevated creatine kinase,Severe,Myalgia,1,2025-08-08,Recovered
1607,20358,12943,2026-06-26,Unexplained leukopenia on follow-up labs,Moderate,Bone marrow suppression,0,2026-06-30,Under evaluation
1608,20371,12949,2026-06-14,Severe opioid-induced constipation,Mild,Constipation,0,2026-06-16,Recovered
1609,20375,12950,2026-07-12,Low serum potassium on routine labs,Severe,Hypokalemia,1,2026-07-16,Recovered
1610,20401,12968,2026-05-14,New-onset elevated glucose readings,Severe,Hyperglycemia,1,2026-05-17,Sequelae
1611,20415,12977,2025-05-13,Refractory chemotherapy-induced emesis,Moderate,Nausea and vomiting,0,2025-05-14,Recovered
1612,20421,12981,2026-07-07,Severe opioid-induced constipation,Mild,Constipation,0,2026-07-12,Recovered
1613,20426,12982,2023-12-21,New-onset elevated glucose readings,Fatal,Hyperglycemia,1,2023-12-21,Fatal
1614,20435,12991,2022-10-30,Rise in serum creatinine after treatment start,Moderate,Acute kidney injury,0,2022-11-02,Ongoing
1615,20458,13004,2025-06-12,Excessive daytime somnolence,Moderate,Sedation,0,2025-06-14,Recovered
1616,20463,13010,2025-08-27,Unwitnessed fall attributed to sedation,Mild,Falls,0,2025-08-31,Recovered
1617,20473,13015,2026-06-10,New infection attributable to immunosuppression,Moderate,Opportunistic infection,0,2026-06-12,Ongoing
1618,20475,13015,2026-07-04,Transaminases elevated 3x upper limit of normal,Severe,Hepatotoxicity,1,2026-07-04,Sequelae
1619,20486,13021,2021-12-20,Rise in creatinine during therapy,Moderate,Nephrotoxicity,0,2021-12-22,Ongoing
1620,20495,13027,2023-04-17,Symptomatic low heart rate,Moderate,Bradycardia,0,2023-04-19,Under evaluation
1621,20518,13042,2024-05-25,Gastrointestinal bleeding requiring transfusion,Moderate,Major hemorrhage,0,2024-05-26,Recovered
1622,20525,13046,2025-04-11,Diffuse muscle pain with elevated creatine kinase,Fatal,Myalgia,0,2025-04-13,Fatal
1623,20527,13048,2025-05-11,Acute rise in serum creatinine,Mild,Nephrotoxicity,0,2025-05-14,Recovered
1624,20560,13063,2026-05-09,New-onset tremor and rigidity,Moderate,Extrapyramidal symptoms,0,2026-05-09,Under evaluation
1625,20580,13075,2025-10-11,Gastrointestinal bleeding requiring transfusion,Severe,Major hemorrhage,0,2025-10-14,Ongoing
1626,20595,13085,2025-02-06,Severe opioid-induced constipation,Mild,Constipation,0,2025-02-07,Recovered
1627,20607,13093,2026-07-11,Facial and lip swelling with mild airway compromise,Mild,Angioedema,0,2026-07-14,Recovered
1628,20641,13112,2026-06-17,Persistent nausea and diarrhea after dosing,Mild,Gastrointestinal upset,0,2026-06-22,Under evaluation
1629,20665,13123,2024-03-03,Diffuse muscle pain with elevated creatine kinase,Severe,Myalgia,1,2024-03-04,Recovered
1630,20676,13131,2026-02-03,New-onset elevated glucose readings,Mild,Hyperglycemia,0,2026-02-07,Recovered
1631,20680,13132,2024-08-31,Decreased respiratory rate requiring monitoring,Moderate,Respiratory depression,0,2024-09-01,Recovered
1632,20686,13135,2024-01-05,Low serum magnesium on routine labs,Moderate,Hypomagnesemia,0,2024-01-06,Recovered
1633,20688,13136,2026-03-22,New-onset sleep disturbance after starting therapy,Moderate,Insomnia,0,2026-03-22,Under evaluation
1634,20691,13138,2024-10-19,Steroid-induced irritability and insomnia,Mild,Mood disturbance,0,2024-10-24,Under evaluation
1635,20697,13141,2026-06-18,Fine hand tremor following dosing,Moderate,Tremor,0,2026-06-19,Recovered
1636,20738,13168,2025-05-21,Facial and lip swelling with mild airway compromise,Mild,Angioedema,0,2025-05-22,Under evaluation
1637,20758,13176,2025-10-24,New infection attributable to immunosuppression,Moderate,Opportunistic infection,0,2025-10-28,Recovered
1638,20767,13183,2025-01-11,"Agitation, tremor and hyperreflexia",Severe,Serotonin syndrome,1,2025-01-14,Ongoing
1639,20768,13184,2026-07-28,"Agitation, tremor and hyperreflexia",Severe,Serotonin syndrome,1,2026-07-31,Recovered
1640,20784,13192,2026-01-27,Steroid-induced irritability and insomnia,Mild,Mood disturbance,0,2026-01-27,Recovered
1641,20790,13199,2026-05-09,Gastrointestinal bleeding requiring transfusion,Moderate,Major hemorrhage,0,2026-05-11,Recovered
1642,20794,13201,2025-01-08,Gastrointestinal bleeding requiring transfusion,Mild,Major hemorrhage,0,2025-01-11,Recovered
1643,20801,13207,2025-11-28,Low serum magnesium on routine labs,Severe,Hypomagnesemia,1,2025-12-01,Sequelae
1644,20807,13211,2026-07-03,Rapid weight gain over follow-up period,Mild,Weight gain,0,2026-07-07,Recovered
1645,20828,13226,2025-03-21,Extensive spontaneous bruising on limbs,Moderate,Bruising,0,2025-03-25,Recovered
1646,20832,13230,2025-08-29,New-onset sleep disturbance after starting therapy,Moderate,Insomnia,0,2025-08-30,Under evaluation
1647,20838,13237,2022-11-17,New-onset elevated glucose readings,Fatal,Hyperglycemia,0,2022-11-17,Fatal
1648,20863,13257,2025-10-02,Severe opioid-induced constipation,Severe,Constipation,0,2025-10-05,Sequelae
1649,20867,13260,2026-07-18,Generalized urticaria and pruritus,Mild,Allergic skin reaction,0,2026-07-18,Under evaluation
1650,20884,13271,2025-04-19,Recurrent headache following dose escalation,Mild,Headache,0,2025-04-21,Recovered
1651,20891,13276,2023-08-20,"Agitation, tremor and hyperreflexia",Moderate,Serotonin syndrome,0,2023-08-23,Recovered
1652,20893,13277,2025-12-23,Refractory chemotherapy-induced emesis,Mild,Nausea and vomiting,0,2025-12-28,Recovered
1653,20906,13285,2026-04-11,New-onset sleep disturbance after starting therapy,Moderate,Insomnia,0,2026-04-13,Ongoing
1654,20921,13294,2026-04-04,Gastrointestinal bleeding requiring transfusion,Mild,Major hemorrhage,0,2026-04-04,Recovered
1655,20932,13307,2026-05-18,Rapid weight gain over follow-up period,Moderate,Weight gain,0,2026-05-19,Recovered
1656,20949,13318,2025-08-07,Acute hypotension and airway swelling after dose,Mild,Anaphylaxis,0,2025-08-10,Recovered
1657,20956,13321,2026-01-13,Transaminases elevated 3x upper limit of normal,Moderate,Hepatotoxicity,0,2026-01-17,Under evaluation
1658,20970,13332,2025-03-24,Persistent non-productive cough unresponsive to antitussives,Severe,Dry cough,1,2025-03-26,Recovered
1659,20973,13334,2026-07-28,Gastrointestinal bleeding requiring transfusion,Mild,Major hemorrhage,0,2026-07-29,Recovered
1660,20981,13341,2026-02-11,Acute hypotension and airway swelling after dose,Severe,Anaphylaxis,1,2026-02-15,Sequelae
1661,20994,13348,2026-06-22,Gastrointestinal bleeding requiring transfusion,Moderate,Major hemorrhage,0,2026-06-27,Recovered
1662,21020,13360,2022-11-14,Unwitnessed fall attributed to sedation,Mild,Falls,0,2022-11-16,Under evaluation
1663,21032,13366,2025-12-23,Upper GI hemorrhage with hematemesis,Severe,Gastrointestinal bleeding,1,2025-12-25,Ongoing
1664,21057,13384,2024-10-30,Rise in serum creatinine after treatment start,Fatal,Acute kidney injury,1,2024-11-02,Fatal
1665,21068,13391,2022-12-12,Steroid-induced irritability and insomnia,Mild,Mood disturbance,0,2022-12-16,Recovered
1666,21077,13395,2025-08-08,Excessive daytime somnolence,Moderate,Sedation,0,2025-08-10,Recovered
1667,21080,13396,2026-07-18,"Agitation, tremor and hyperreflexia",Severe,Serotonin syndrome,0,2026-07-19,Recovered
1668,21085,13399,2026-01-14,Persistent non-productive cough unresponsive to antitussives,Mild,Dry cough,0,2026-01-18,Recovered
1669,21092,13402,2025-07-25,Unwitnessed fall attributed to sedation,Moderate,Falls,0,2025-07-26,Recovered
1670,21094,13403,2021-12-19,New-onset elevated glucose readings,Moderate,Hyperglycemia,0,2021-12-23,Under evaluation
1671,21095,13403,2024-01-26,Gastrointestinal bleeding requiring transfusion,Fatal,Major hemorrhage,0,2024-01-29,Fatal
1672,21111,13415,2022-08-15,Extensive spontaneous bruising on limbs,Fatal,Bruising,1,2022-08-20,Fatal
1673,21123,13425,2025-06-14,New-onset tremor and rigidity,Mild,Extrapyramidal symptoms,0,2025-06-16,Recovered
1674,21127,13427,2023-08-21,Rise in serum creatinine after treatment start,Mild,Acute kidney injury,0,2023-08-22,Recovered
1675,21133,13429,2026-02-06,New-onset sleep disturbance after starting therapy,Severe,Insomnia,1,2026-02-09,Ongoing
1676,21135,13430,2026-06-09,Steroid-induced irritability and insomnia,Moderate,Mood disturbance,0,2026-06-13,Ongoing
1677,21146,13435,2023-07-05,Low serum potassium on routine labs,Mild,Hypokalemia,0,2023-07-05,Recovered
1678,21155,13439,2024-03-31,New-onset persistent fatigue,Mild,Fatigue,0,2024-04-04,Recovered
1679,21163,13444,2026-07-05,New-onset persistent fatigue,Severe,Fatigue,1,2026-07-09,Sequelae
1680,21173,13454,2026-06-02,"Agitation, tremor and hyperreflexia",Moderate,Serotonin syndrome,0,2026-06-04,Recovered
1681,21190,13462,2021-07-10,New-onset elevated glucose readings,Moderate,Hyperglycemia,0,2021-07-15,Recovered
1682,21204,13467,2026-02-05,Persistent non-productive cough unresponsive to antitussives,Moderate,Dry cough,0,2026-02-05,Ongoing
1683,21242,13495,2024-03-23,Facial and lip swelling with mild airway compromise,Mild,Angioedema,0,2024-03-23,Under evaluation
1684,21252,13501,2025-01-17,Diffuse muscle pain with elevated creatine kinase,Mild,Myalgia,0,2025-01-22,Recovered
1685,21255,13502,2026-06-09,Severe opioid-induced constipation,Moderate,Constipation,0,2026-06-12,Under evaluation
1686,21267,13507,2025-04-13,Blood glucose below 50 mg/dL with symptoms,Mild,Hypoglycemia,0,2025-04-17,Under evaluation
1687,21281,13515,2026-05-08,Elevated heart rate after inhaler use,Mild,Tachycardia,0,2026-05-13,Recovered
1688,21291,13522,2025-10-13,Unwitnessed fall attributed to sedation,Moderate,Falls,0,2025-10-17,Recovered
1689,21303,13531,2025-08-21,Gastrointestinal bleeding requiring transfusion,Moderate,Major hemorrhage,0,2025-08-21,Recovered
1690,21308,13533,2025-08-06,Low serum magnesium on routine labs,Moderate,Hypomagnesemia,0,2025-08-07,Under evaluation
1691,21316,13539,2026-04-12,Unexplained leukopenia on follow-up labs,Fatal,Bone marrow suppression,1,2026-04-14,Fatal
1692,21318,13541,2020-12-31,Rise in serum creatinine after treatment start,Mild,Acute kidney injury,0,2021-01-05,Under evaluation
1693,21326,13545,2023-02-16,Decreased respiratory rate requiring monitoring,Moderate,Respiratory depression,0,2023-02-21,Under evaluation
1694,21327,13545,2021-08-25,Excessive daytime somnolence,Mild,Sedation,0,2021-08-28,Recovered
1695,21347,13558,2023-12-30,Extensive spontaneous bruising on limbs,Severe,Bruising,0,2024-01-02,Sequelae
1696,21349,13559,2026-04-18,Diffuse muscle pain with elevated creatine kinase,Mild,Myalgia,0,2026-04-21,Under evaluation
1697,21356,13566,2026-01-21,Facial and lip swelling with mild airway compromise,Mild,Angioedema,0,2026-01-22,Recovered
1698,21358,13568,2025-12-27,New infection attributable to immunosuppression,Moderate,Opportunistic infection,0,2025-12-29,Ongoing
1699,21375,13581,2026-07-10,Acute hypotension and airway swelling after dose,Mild,Anaphylaxis,0,2026-07-14,Under evaluation
1700,21379,13584,2023-08-22,New-onset elevated glucose readings,Mild,Hyperglycemia,0,2023-08-24,Recovered
1701,21408,13599,2026-01-12,Severe drop in absolute neutrophil count,Moderate,Neutropenia,0,2026-01-13,Recovered
1702,21443,13617,2024-12-28,Generalized urticaria and pruritus,Mild,Allergic skin reaction,0,2024-12-31,Recovered
1703,21452,13621,2022-02-17,Persistent non-productive cough unresponsive to antitussives,Moderate,Dry cough,0,2022-02-21,Ongoing
1704,21455,13622,2026-06-23,Localized redness and swelling at injection site,Moderate,Injection site reaction,0,2026-06-28,Ongoing
1705,21464,13629,2025-04-20,Sleep disturbance following dose adjustment,Mild,Insomnia,0,2025-04-22,Recovered
1706,21467,13631,2026-07-29,Upper GI hemorrhage with hematemesis,Moderate,Gastrointestinal bleeding,0,2026-07-29,Ongoing
1707,21474,13639,2021-10-07,New-onset elevated glucose readings,Moderate,Hyperglycemia,0,2021-10-11,Under evaluation
1708,21506,13659,2023-09-11,Severe drop in absolute neutrophil count,Mild,Neutropenia,0,2023-09-14,Recovered
1709,21533,13672,2026-01-14,Persistent non-productive cough unresponsive to antitussives,Moderate,Dry cough,0,2026-01-14,Ongoing
1710,21536,13674,2026-02-18,Low serum magnesium on routine labs,Mild,Hypomagnesemia,0,2026-02-18,Recovered
1711,21543,13680,2024-10-21,Symptomatic low heart rate,Moderate,Bradycardia,0,2024-10-25,Ongoing
1712,21585,13708,2025-03-31,Unexplained leukopenia on follow-up labs,Mild,Bone marrow suppression,0,2025-04-02,Recovered
1713,21592,13713,2025-12-31,Extensive spontaneous bruising on limbs,Severe,Bruising,1,2026-01-02,Sequelae
1714,21598,13717,2025-06-21,Acute rise in serum creatinine,Severe,Nephrotoxicity,0,2025-06-21,Ongoing
1715,21606,13722,2022-10-11,Symptomatic low heart rate,Mild,Bradycardia,0,2022-10-15,Under evaluation
1716,21625,13736,2026-06-17,Elevated liver transaminases on routine panel,Mild,Hepatotoxicity,0,2026-06-19,Recovered
1717,21626,13736,2024-01-03,New infection attributable to immunosuppression,Mild,Opportunistic infection,0,2024-01-05,Recovered
1718,21629,13739,2024-12-15,Unexplained leukopenia on follow-up labs,Moderate,Bone marrow suppression,0,2024-12-16,Recovered
1719,21649,13747,2024-01-13,Persistent non-productive cough unresponsive to antitussives,Moderate,Dry cough,0,2024-01-14,Recovered
1720,21651,13747,2023-02-17,New-onset tremor and rigidity,Fatal,Extrapyramidal symptoms,1,2023-02-22,Fatal
1721,21665,13757,2025-06-23,Recurrent headache following dose escalation,Fatal,Headache,0,2025-06-26,Fatal
1722,21668,13761,2021-05-30,New-onset sleep disturbance after starting therapy,Moderate,Insomnia,0,2021-06-02,Recovered
1723,21680,13767,2024-07-22,Extensive spontaneous bruising on limbs,Mild,Bruising,0,2024-07-22,Recovered
1724,21688,13771,2025-09-15,Persistent nausea and diarrhea after dosing,Mild,Gastrointestinal upset,0,2025-09-18,Recovered
1725,21694,13775,2026-05-01,Acute rise in serum creatinine,Mild,Nephrotoxicity,0,2026-05-03,Recovered
1726,21696,13776,2026-07-27,Upper GI hemorrhage with hematemesis,Moderate,Gastrointestinal bleeding,0,2026-07-28,Recovered
1727,21700,13781,2024-07-29,Rise in serum creatinine after treatment start,Moderate,Acute kidney injury,0,2024-08-03,Recovered
1728,21705,13783,2024-11-30,New lower-limb swelling,Moderate,Peripheral edema,0,2024-12-04,Recovered
1729,21707,13785,2026-04-27,Rise in serum creatinine after treatment start,Moderate,Acute kidney injury,0,2026-04-27,Recovered
1730,21731,13797,2026-06-12,Extensive spontaneous bruising on limbs,Moderate,Bruising,0,2026-06-16,Recovered
1731,21781,13822,2025-08-02,Extensive spontaneous bruising on limbs,Moderate,Bruising,0,2025-08-07,Recovered
1732,21804,13840,2026-06-21,New infection attributable to immunosuppression,Mild,Opportunistic infection,0,2026-06-24,Recovered
1733,21815,13847,2023-07-26,Decreased respiratory rate requiring monitoring,Mild,Respiratory depression,0,2023-07-27,Under evaluation
1734,21829,13855,2025-12-27,Steroid-induced irritability and insomnia,Mild,Mood disturbance,0,2025-12-27,Recovered
1735,21858,13869,2026-05-31,New-onset tremor and rigidity,Severe,Extrapyramidal symptoms,1,2026-06-03,Recovered
1736,21864,13871,2025-06-20,"Agitation, tremor and hyperreflexia",Mild,Serotonin syndrome,0,2025-06-23,Recovered
1737,21894,13891,2026-04-25,Elevated liver transaminases on routine panel,Mild,Hepatotoxicity,0,2026-04-29,Recovered
1738,21901,13896,2024-12-27,Gastrointestinal bleeding requiring transfusion,Severe,Major hemorrhage,0,2024-12-29,Recovered
1739,21937,13922,2026-04-26,Facial and lip swelling with mild airway compromise,Mild,Angioedema,0,2026-04-30,Recovered
1740,21956,13937,2025-05-24,Acute hypotension and airway swelling after dose,Moderate,Anaphylaxis,0,2025-05-28,Ongoing
1741,21963,13941,2024-12-04,Upper GI hemorrhage with hematemesis,Severe,Gastrointestinal bleeding,1,2024-12-08,Sequelae
1742,21964,13942,2025-06-06,Elevated liver transaminases on routine panel,Severe,Hepatotoxicity,1,2025-06-09,Ongoing
1743,21983,13950,2026-07-17,Gastrointestinal bleeding requiring transfusion,Mild,Major hemorrhage,0,2026-07-17,Recovered
1744,22012,13967,2026-08-07,Upper GI hemorrhage with hematemesis,Mild,Gastrointestinal bleeding,0,2026-08-07,Recovered
1745,22020,13974,2022-09-13,Gastrointestinal bleeding requiring transfusion,Fatal,Major hemorrhage,1,2022-09-15,Fatal
1746,22022,13975,2026-07-09,Extensive spontaneous bruising on limbs,Severe,Bruising,1,2026-07-13,Recovered
1747,22035,13983,2026-03-19,Persistent nausea and diarrhea after dosing,Severe,Gastrointestinal upset,1,2026-03-24,Ongoing
1748,22045,13990,2026-05-25,Persistent nausea and diarrhea after dosing,Mild,Gastrointestinal upset,0,2026-05-26,Under evaluation
1749,22070,14005,2023-04-11,Acute hypotension and airway swelling after dose,Mild,Anaphylaxis,0,2023-04-11,Recovered
1750,22073,14006,2026-08-16,New-onset tachyarrhythmia after dose increase,Mild,Palpitations,0,2026-08-17,Recovered
1751,22082,14011,2025-01-11,New lower-limb swelling,Mild,Peripheral edema,0,2025-01-13,Recovered
1752,22083,14011,2025-05-07,New-onset elevated glucose readings,Mild,Hyperglycemia,0,2025-05-07,Recovered
1753,22092,14019,2026-03-31,Elevated liver transaminases on routine panel,Moderate,Hepatotoxicity,0,2026-04-01,Recovered
1754,22112,14031,2024-05-20,Steroid-induced irritability and insomnia,Severe,Mood disturbance,1,2024-05-20,Ongoing
1755,22119,14034,2024-04-24,New-onset sleep disturbance after starting therapy,Mild,Insomnia,0,2024-04-27,Recovered
1756,22171,14064,2026-02-21,Rise in serum creatinine after treatment start,Mild,Acute kidney injury,0,2026-02-22,Under evaluation
1757,22175,14068,2026-06-01,Acute hypotension and airway swelling after dose,Mild,Anaphylaxis,0,2026-06-01,Recovered
1758,22202,14083,2025-09-14,Excessive daytime somnolence,Severe,Sedation,1,2025-09-19,Sequelae
1759,22228,14098,2025-01-19,Upper GI hemorrhage with hematemesis,Moderate,Gastrointestinal bleeding,0,2025-01-22,Recovered
1760,22237,14107,2024-01-19,Steroid-induced irritability and insomnia,Mild,Mood disturbance,0,2024-01-20,Recovered
1761,22239,14108,2024-05-17,New-onset persistent fatigue,Mild,Fatigue,0,2024-05-18,Under evaluation
1762,22260,14120,2025-04-15,Excessive daytime somnolence,Mild,Sedation,0,2025-04-19,Under evaluation
1763,22267,14124,2026-07-02,Unwitnessed fall attributed to sedation,Fatal,Falls,1,2026-07-07,Fatal
1764,22269,14126,2025-02-10,Elevated liver transaminases on routine panel,Moderate,Hepatotoxicity,0,2025-02-12,Ongoing
1765,22273,14130,2022-03-14,Extensive spontaneous bruising on limbs,Moderate,Bruising,0,2022-03-19,Under evaluation
1766,22278,14132,2026-06-13,Localized redness and swelling at injection site,Mild,Injection site reaction,0,2026-06-15,Under evaluation
1767,22289,14138,2026-08-02,Persistent nausea and diarrhea after dosing,Moderate,Gastrointestinal upset,0,2026-08-04,Recovered
1768,22324,14167,2026-07-31,Rise in creatinine during therapy,Mild,Nephrotoxicity,0,2026-08-04,Recovered
1769,22351,14186,2023-11-01,New-onset elevated glucose readings,Moderate,Hyperglycemia,0,2023-11-04,Under evaluation
1770,22352,14187,2024-06-04,Extensive spontaneous bruising on limbs,Severe,Bruising,1,2024-06-06,Ongoing
1771,22365,14194,2026-01-21,Severe opioid-induced constipation,Severe,Constipation,0,2026-01-25,Recovered
1772,22373,14197,2024-09-23,Rise in serum creatinine after treatment start,Mild,Acute kidney injury,0,2024-09-24,Recovered
1773,22377,14199,2026-01-04,Gastrointestinal bleeding requiring transfusion,Severe,Major hemorrhage,0,2026-01-05,Sequelae
1774,22390,14207,2025-12-25,Steroid-induced irritability and insomnia,Severe,Mood disturbance,0,2025-12-28,Recovered
1775,22415,14224,2025-09-27,Unwitnessed fall attributed to sedation,Moderate,Falls,0,2025-10-02,Ongoing
1776,22436,14238,2023-07-24,Diffuse muscle pain with elevated creatine kinase,Moderate,Myalgia,0,2023-07-29,Ongoing
1777,22450,14246,2024-12-18,Metabolic acidosis with elevated lactate,Mild,Lactic acidosis,0,2024-12-23,Under evaluation
1778,22455,14250,2026-06-04,Rise in creatinine during therapy,Moderate,Nephrotoxicity,0,2026-06-07,Recovered
1779,22477,14266,2024-01-22,Symptomatic low heart rate,Moderate,Bradycardia,0,2024-01-23,Recovered
1780,22487,14270,2026-07-06,Decreased respiratory rate requiring monitoring,Mild,Respiratory depression,0,2026-07-06,Recovered
1781,22490,14272,2022-06-18,Upper GI hemorrhage with hematemesis,Moderate,Gastrointestinal bleeding,0,2022-06-20,Under evaluation
1782,22496,14274,2026-04-28,Gastrointestinal bleeding requiring transfusion,Severe,Major hemorrhage,0,2026-04-28,Sequelae
1783,22521,14287,2026-06-13,New-onset persistent fatigue,Mild,Fatigue,0,2026-06-15,Recovered
1784,22558,14309,2026-07-20,Persistent non-productive cough unresponsive to antitussives,Moderate,Dry cough,0,2026-07-20,Recovered
1785,22560,14310,2025-09-25,New infection attributable to immunosuppression,Moderate,Opportunistic infection,0,2025-09-28,Ongoing
1786,22563,14312,2025-02-24,Acute hypotension and airway swelling after dose,Moderate,Anaphylaxis,0,2025-02-25,Recovered
1787,22568,14314,2025-09-30,Refractory chemotherapy-induced emesis,Severe,Nausea and vomiting,1,2025-10-05,Sequelae
1788,22595,14328,2025-05-09,Diffuse muscle pain with elevated creatine kinase,Moderate,Myalgia,0,2025-05-11,Recovered
1789,22596,14329,2026-03-05,Rise in serum creatinine after treatment start,Mild,Acute kidney injury,0,2026-03-07,Recovered
1790,22619,14343,2026-05-20,New infection attributable to immunosuppression,Moderate,Opportunistic infection,0,2026-05-22,Ongoing
1791,22631,14348,2025-07-25,Localized redness and swelling at injection site,Severe,Injection site reaction,0,2025-07-27,Ongoing
1792,22634,14349,2022-07-16,Decreased respiratory rate requiring monitoring,Moderate,Respiratory depression,0,2022-07-18,Recovered
1793,22643,14356,2024-06-03,Generalized urticaria and pruritus,Mild,Allergic skin reaction,0,2024-06-07,Recovered
1794,22648,14363,2020-11-03,Upper GI hemorrhage with hematemesis,Mild,Gastrointestinal bleeding,0,2020-11-07,Recovered
1795,22655,14373,2026-05-31,Severe opioid-induced constipation,Fatal,Constipation,0,2026-06-04,Fatal
1796,22661,14378,2026-02-14,Upper GI hemorrhage with hematemesis,Severe,Gastrointestinal bleeding,1,2026-02-16,Recovered
1797,22668,14386,2026-07-12,Elevated heart rate after inhaler use,Moderate,Tachycardia,0,2026-07-12,Recovered
1798,22669,14386,2024-07-04,Extensive spontaneous bruising on limbs,Moderate,Bruising,0,2024-07-05,Ongoing
1799,22674,14388,2023-11-27,Recurrent headache following dose escalation,Moderate,Headache,0,2023-11-27,Ongoing
1800,22675,14389,2025-05-25,Recurrent headache following dose escalation,Moderate,Headache,0,2025-05-30,Under evaluation
1801,22733,14429,2026-06-12,Rise in serum creatinine after treatment start,Mild,Acute kidney injury,0,2026-06-17,Recovered
1802,22735,14430,2024-01-16,Unexplained leukopenia on follow-up labs,Moderate,Bone marrow suppression,0,2024-01-19,Recovered
1803,22738,14433,2021-06-20,Sleep disturbance following dose adjustment,Moderate,Insomnia,0,2021-06-23,Under evaluation
1804,22739,14434,2025-08-10,Decreased respiratory rate requiring monitoring,Moderate,Respiratory depression,0,2025-08-14,Under evaluation
1805,22770,14451,2026-04-14,New-onset elevated glucose readings,Moderate,Hyperglycemia,0,2026-04-19,Under evaluation
1806,22790,14465,2024-01-02,Rapid weight gain over follow-up period,Severe,Weight gain,1,2024-01-04,Ongoing
1807,22801,14469,2024-09-26,Steroid-induced irritability and insomnia,Mild,Mood disturbance,0,2024-09-26,Recovered
1808,22853,14507,2025-12-25,Rapid weight gain over follow-up period,Mild,Weight gain,0,2025-12-26,Recovered
1809,22866,14519,2026-04-11,New infection attributable to immunosuppression,Mild,Opportunistic infection,0,2026-04-12,Recovered
1810,22871,14523,2024-08-06,Steroid-induced irritability and insomnia,Moderate,Mood disturbance,0,2024-08-06,Recovered
1811,22872,14524,2024-07-26,Gastrointestinal bleeding requiring transfusion,Severe,Major hemorrhage,1,2024-07-29,Ongoing
1812,22890,14532,2026-02-23,Blood glucose below 50 mg/dL with symptoms,Mild,Hypoglycemia,0,2026-02-27,Recovered
1813,22901,14537,2023-04-26,Decreased respiratory rate requiring monitoring,Mild,Respiratory depression,0,2023-05-01,Recovered
1814,22912,14545,2024-08-17,Low serum magnesium on routine labs,Mild,Hypomagnesemia,0,2024-08-17,Recovered
1815,22929,14559,2025-11-19,Unwitnessed fall attributed to sedation,Mild,Falls,0,2025-11-24,Under evaluation
1816,22933,14561,2024-03-03,Unwitnessed fall attributed to sedation,Severe,Falls,1,2024-03-06,Ongoing
1817,22945,14567,2026-07-14,Acute rise in serum creatinine,Moderate,Nephrotoxicity,0,2026-07-16,Ongoing
1818,22957,14573,2024-04-08,Decreased respiratory rate requiring monitoring,Mild,Respiratory depression,0,2024-04-13,Recovered
1819,22967,14578,2025-12-07,Transaminases elevated 3x upper limit of normal,Moderate,Hepatotoxicity,0,2025-12-08,Under evaluation
1820,22969,14580,2026-07-24,Transaminases elevated 3x upper limit of normal,Mild,Hepatotoxicity,0,2026-07-28,Recovered
1821,23003,14602,2026-03-07,New-onset sleep disturbance after starting therapy,Moderate,Insomnia,0,2026-03-12,Ongoing
1822,23038,14626,2025-04-03,New infection attributable to immunosuppression,Severe,Opportunistic infection,0,2025-04-05,Ongoing
1823,23050,14636,2024-04-20,Upper GI hemorrhage with hematemesis,Mild,Gastrointestinal bleeding,0,2024-04-24,Recovered
1824,23072,14648,2026-08-14,Acute hypotension and airway swelling after dose,Mild,Anaphylaxis,0,2026-08-17,Recovered
1825,23075,14649,2026-04-07,Facial and lip swelling with mild airway compromise,Mild,Angioedema,0,2026-04-07,Recovered
1826,23122,14677,2026-07-16,"Agitation, tremor and hyperreflexia",Mild,Serotonin syndrome,0,2026-07-17,Under evaluation
1827,23143,14689,2025-12-19,Persistent non-productive cough unresponsive to antitussives,Moderate,Dry cough,0,2025-12-24,Recovered
1828,23148,14692,2026-01-14,Extensive spontaneous bruising on limbs,Mild,Bruising,0,2026-01-15,Recovered
1829,23149,14692,2025-12-23,New-onset sleep disturbance after starting therapy,Fatal,Insomnia,1,2025-12-25,Fatal
1830,23152,14695,2023-01-07,New-onset persistent fatigue,Moderate,Fatigue,0,2023-01-11,Recovered
1831,23166,14703,2026-01-31,New-onset sleep disturbance after starting therapy,Moderate,Insomnia,0,2026-02-01,Ongoing
1832,23169,14705,2026-06-13,Localized redness and swelling at injection site,Moderate,Injection site reaction,0,2026-06-14,Under evaluation
1833,23212,14733,2026-05-30,Extensive spontaneous bruising on limbs,Fatal,Bruising,1,2026-06-01,Fatal
1834,23226,14744,2026-03-12,Acute hypotension and airway swelling after dose,Mild,Anaphylaxis,0,2026-03-15,Recovered
1835,23229,14745,2025-02-04,New-onset elevated glucose readings,Severe,Hyperglycemia,1,2025-02-09,Ongoing
1836,23233,14748,2025-01-22,Rise in serum creatinine after treatment start,Moderate,Acute kidney injury,0,2025-01-22,Recovered
1837,23241,14751,2022-02-12,"Agitation, tremor and hyperreflexia",Mild,Serotonin syndrome,0,2022-02-12,Recovered
1838,23242,14752,2026-06-17,Symptomatic low heart rate,Mild,Bradycardia,0,2026-06-20,Under evaluation
1839,23251,14761,2025-11-11,"Agitation, tremor and hyperreflexia",Moderate,Serotonin syndrome,0,2025-11-11,Under evaluation
1840,23268,14775,2026-05-05,Gastrointestinal bleeding requiring transfusion,Severe,Major hemorrhage,1,2026-05-08,Ongoing
1841,23271,14776,2022-05-22,Excessive daytime somnolence,Moderate,Sedation,0,2022-05-23,Recovered
1842,23301,14791,2025-10-10,New-onset sleep disturbance after starting therapy,Mild,Insomnia,0,2025-10-13,Recovered
1843,23319,14799,2022-09-27,New infection attributable to immunosuppression,Severe,Opportunistic infection,1,2022-09-29,Sequelae
1844,23320,14800,2023-01-15,Transaminases elevated 3x upper limit of normal,Moderate,Hepatotoxicity,0,2023-01-19,Under evaluation
1845,23354,14818,2026-08-10,Excessive daytime somnolence,Moderate,Sedation,0,2026-08-11,Recovered
1846,23361,14822,2025-10-29,Unwitnessed fall attributed to sedation,Moderate,Falls,0,2025-11-03,Under evaluation
1847,23367,14826,2026-02-19,Generalized urticaria and pruritus,Mild,Allergic skin reaction,0,2026-02-24,Recovered
1848,23383,14836,2026-05-26,Metabolic acidosis with elevated lactate,Mild,Lactic acidosis,0,2026-05-30,Under evaluation
1849,23387,14837,2026-04-03,Unexplained leukopenia on follow-up labs,Mild,Bone marrow suppression,0,2026-04-05,Recovered
1850,23388,14839,2025-09-14,Steroid-induced irritability and insomnia,Mild,Mood disturbance,0,2025-09-17,Recovered
1851,23407,14850,2026-03-22,Unwitnessed fall attributed to sedation,Moderate,Falls,0,2026-03-24,Under evaluation
1852,23466,14889,2026-06-04,Acute rise in serum creatinine,Moderate,Nephrotoxicity,0,2026-06-05,Under evaluation
1853,23467,14889,2026-02-08,Extensive spontaneous bruising on limbs,Severe,Bruising,1,2026-02-08,Recovered
1854,23473,14893,2024-08-03,Symptomatic low heart rate,Moderate,Bradycardia,0,2024-08-06,Under evaluation
1855,23476,14895,2024-09-15,Rise in creatinine during therapy,Mild,Nephrotoxicity,0,2024-09-17,Recovered
1856,23482,14898,2025-12-03,Severe opioid-induced constipation,Severe,Constipation,1,2025-12-08,Ongoing
1857,23516,14923,2025-11-25,Decreased respiratory rate requiring monitoring,Severe,Respiratory depression,1,2025-11-26,Recovered
1858,23533,14936,2024-09-24,Excessive daytime somnolence,Mild,Sedation,0,2024-09-28,Recovered
1859,23536,14938,2023-11-11,Extensive spontaneous bruising on limbs,Mild,Bruising,0,2023-11-12,Recovered
1860,23569,14957,2026-07-24,Upper GI hemorrhage with hematemesis,Severe,Gastrointestinal bleeding,0,2026-07-26,Sequelae
1861,23584,14962,2025-11-07,Gastrointestinal bleeding requiring transfusion,Mild,Major hemorrhage,0,2025-11-10,Under evaluation
1862,23591,14966,2023-09-02,Unwitnessed fall attributed to sedation,Moderate,Falls,0,2023-09-03,Ongoing
1863,23598,14971,2024-03-31,Acute rise in serum creatinine,Moderate,Nephrotoxicity,0,2024-04-01,Recovered
1864,23607,14977,2023-01-13,Rapid weight gain over follow-up period,Severe,Weight gain,0,2023-01-15,Recovered
1865,23614,14985,2023-04-11,Gastrointestinal bleeding requiring transfusion,Fatal,Major hemorrhage,1,2023-04-15,Fatal
1866,23615,14985,2023-12-03,Severe drop in absolute neutrophil count,Severe,Neutropenia,0,2023-12-07,Recovered
1867,23619,14989,2026-08-07,Severe drop in absolute neutrophil count,Moderate,Neutropenia,0,2026-08-09,Recovered
1868,23640,15002,2022-01-04,New infection attributable to immunosuppression,Moderate,Opportunistic infection,0,2022-01-07,Recovered
1869,23673,15021,2026-04-20,"Agitation, tremor and hyperreflexia",Mild,Serotonin syndrome,0,2026-04-23,Recovered
1870,23675,15021,2026-06-24,Refractory chemotherapy-induced emesis,Moderate,Nausea and vomiting,0,2026-06-29,Under evaluation
1871,23688,15031,2024-03-13,Steroid-induced irritability and insomnia,Moderate,Mood disturbance,0,2024-03-18,Recovered
1872,23692,15032,2024-05-16,New-onset sleep disturbance after starting therapy,Mild,Insomnia,0,2024-05-16,Recovered
1873,23697,15033,2026-08-03,Gastrointestinal bleeding requiring transfusion,Moderate,Major hemorrhage,0,2026-08-07,Ongoing
1874,23699,15034,2025-01-09,Upper GI hemorrhage with hematemesis,Mild,Gastrointestinal bleeding,0,2025-01-14,Recovered
1875,23712,15039,2023-04-13,New-onset tremor and rigidity,Fatal,Extrapyramidal symptoms,1,2023-04-17,Fatal
1876,23718,15045,2025-01-23,Acute hypotension and airway swelling after dose,Fatal,Anaphylaxis,0,2025-01-25,Fatal
1877,23726,15051,2025-02-01,Recurrent headache following dose escalation,Mild,Headache,0,2025-02-04,Recovered
1878,23736,15059,2023-04-24,Acute rise in serum creatinine,Mild,Nephrotoxicity,0,2023-04-24,Under evaluation
1879,23746,15066,2025-04-27,Transaminases elevated 3x upper limit of normal,Severe,Hepatotoxicity,1,2025-04-29,Sequelae
1880,23751,15068,2026-08-06,Gastrointestinal bleeding requiring transfusion,Fatal,Major hemorrhage,0,2026-08-06,Fatal
1881,23757,15070,2026-05-22,New infection attributable to immunosuppression,Severe,Opportunistic infection,1,2026-05-25,Recovered
1882,23764,15074,2023-07-11,Orthostatic hypotension with dizziness,Moderate,Dehydration,0,2023-07-14,Ongoing
1883,23768,15077,2026-08-06,New-onset elevated glucose readings,Fatal,Hyperglycemia,1,2026-08-07,Fatal
1884,23785,15087,2025-10-23,Generalized urticaria and pruritus,Moderate,Allergic skin reaction,0,2025-10-28,Recovered
1885,23799,15095,2025-02-13,Decreased respiratory rate requiring monitoring,Moderate,Respiratory depression,0,2025-02-16,Recovered
1886,23814,15108,2026-05-02,Steroid-induced irritability and insomnia,Moderate,Mood disturbance,0,2026-05-02,Ongoing
1887,23829,15118,2026-08-02,Acute rise in serum creatinine,Moderate,Nephrotoxicity,0,2026-08-05,Under evaluation
1888,23845,15130,2026-07-01,Facial and lip swelling with mild airway compromise,Moderate,Angioedema,0,2026-07-03,Under evaluation
1889,23846,15131,2026-03-13,Persistent non-productive cough unresponsive to antitussives,Severe,Dry cough,1,2026-03-14,Sequelae
1890,23861,15140,2025-06-11,Unwitnessed fall attributed to sedation,Mild,Falls,0,2025-06-12,Recovered
1891,23870,15149,2023-09-18,Rapid weight gain over follow-up period,Moderate,Weight gain,0,2023-09-23,Ongoing
1892,23874,15153,2025-07-13,Rise in serum creatinine after treatment start,Moderate,Acute kidney injury,0,2025-07-13,Recovered
1893,23886,15159,2026-01-07,New-onset tremor and rigidity,Moderate,Extrapyramidal symptoms,0,2026-01-11,Under evaluation
1894,23893,15162,2024-05-08,Rise in serum creatinine after treatment start,Mild,Acute kidney injury,0,2024-05-08,Recovered
1895,23914,15173,2025-03-26,Acute hypotension and airway swelling after dose,Severe,Anaphylaxis,1,2025-03-26,Recovered
1896,23921,15176,2025-05-10,Sleep disturbance following dose adjustment,Mild,Insomnia,0,2025-05-15,Recovered
1897,23945,15190,2026-04-15,New-onset sleep disturbance after starting therapy,Severe,Insomnia,1,2026-04-15,Ongoing
1898,23959,15197,2022-03-19,"Agitation, tremor and hyperreflexia",Moderate,Serotonin syndrome,0,2022-03-20,Ongoing
1899,23975,15208,2023-06-11,Extensive spontaneous bruising on limbs,Moderate,Bruising,0,2023-06-16,Recovered
1900,24013,15227,2024-08-15,New-onset elevated glucose readings,Moderate,Hyperglycemia,0,2024-08-18,Recovered
1901,24048,15242,2025-08-01,Excessive daytime somnolence,Mild,Sedation,0,2025-08-03,Recovered
1902,24056,15247,2022-09-11,Orthostatic hypotension with dizziness,Mild,Dehydration,0,2022-09-16,Recovered
1903,24062,15249,2023-03-17,Diffuse muscle pain with elevated creatine kinase,Mild,Myalgia,0,2023-03-22,Recovered
1904,24067,15251,2026-08-13,Blood glucose below 50 mg/dL with symptoms,Moderate,Hypoglycemia,0,2026-08-14,Recovered
1905,24075,15255,2025-07-28,Transaminases elevated 3x upper limit of normal,Severe,Hepatotoxicity,1,2025-08-01,Ongoing
1906,24091,15265,2024-02-09,Low serum potassium on routine labs,Mild,Hypokalemia,0,2024-02-11,Recovered
1907,24097,15267,2022-11-17,Elevated liver transaminases on routine panel,Mild,Hepatotoxicity,0,2022-11-22,Recovered
1908,24099,15269,2024-10-20,New-onset sleep disturbance after starting therapy,Mild,Insomnia,0,2024-10-24,Under evaluation
1909,24110,15274,2025-03-14,Steroid-induced irritability and insomnia,Moderate,Mood disturbance,0,2025-03-15,Under evaluation
1910,24111,15274,2023-12-18,Fine hand tremor following dosing,Mild,Tremor,0,2023-12-21,Recovered
1911,24121,15281,2026-03-31,Symptomatic low heart rate,Moderate,Bradycardia,0,2026-04-02,Recovered
1912,24131,15286,2020-11-19,Blood glucose below 50 mg/dL with symptoms,Mild,Hypoglycemia,0,2020-11-20,Recovered
1913,24182,15314,2026-03-23,Transaminases elevated 3x upper limit of normal,Mild,Hepatotoxicity,0,2026-03-24,Recovered
1914,24197,15324,2024-10-06,New-onset elevated glucose readings,Mild,Hyperglycemia,0,2024-10-08,Recovered
1915,24201,15326,2024-09-07,Metabolic acidosis with elevated lactate,Fatal,Lactic acidosis,1,2024-09-08,Fatal
1916,24222,15339,2026-07-08,New-onset elevated glucose readings,Severe,Hyperglycemia,1,2026-07-12,Sequelae
1917,24239,15353,2024-02-19,Diffuse muscle pain with elevated creatine kinase,Fatal,Myalgia,1,2024-02-24,Fatal
1918,24261,15364,2022-11-07,Recurrent headache following dose escalation,Moderate,Headache,0,2022-11-11,Recovered
1919,24280,15376,2024-06-05,Upper GI hemorrhage with hematemesis,Moderate,Gastrointestinal bleeding,0,2024-06-06,Ongoing
1920,24296,15386,2021-12-02,Elevated heart rate after inhaler use,Mild,Tachycardia,0,2021-12-04,Recovered
1921,24305,15395,2025-11-12,Severe drop in absolute neutrophil count,Mild,Neutropenia,0,2025-11-12,Recovered
1922,24323,15412,2020-12-25,Diffuse muscle pain with elevated creatine kinase,Severe,Myalgia,1,2020-12-28,Ongoing
1923,24328,15413,2025-08-16,Rise in serum creatinine after treatment start,Mild,Acute kidney injury,0,2025-08-21,Recovered
1924,24354,15430,2023-10-10,Orthostatic hypotension with dizziness,Mild,Dehydration,0,2023-10-11,Recovered
1925,24358,15432,2026-05-12,Acute rise in serum creatinine,Moderate,Nephrotoxicity,0,2026-05-16,Recovered
1926,24368,15438,2023-08-20,Severe opioid-induced constipation,Moderate,Constipation,0,2023-08-20,Under evaluation
1927,24372,15441,2025-07-05,Gastrointestinal bleeding requiring transfusion,Mild,Major hemorrhage,0,2025-07-05,Recovered
1928,24374,15443,2026-04-03,Diffuse maculopapular rash,Mild,Rash,0,2026-04-03,Recovered
1929,24375,15443,2026-07-23,Symptomatic low heart rate,Moderate,Bradycardia,0,2026-07-28,Under evaluation
1930,24377,15444,2026-01-25,New-onset tremor and rigidity,Moderate,Extrapyramidal symptoms,0,2026-01-28,Recovered
1931,24425,15473,2025-08-22,Diffuse muscle pain with elevated creatine kinase,Moderate,Myalgia,0,2025-08-26,Recovered
1932,24428,15475,2025-12-10,Persistent non-productive cough unresponsive to antitussives,Severe,Dry cough,1,2025-12-15,Ongoing
1933,24432,15476,2026-04-02,Symptomatic low heart rate,Moderate,Bradycardia,0,2026-04-06,Under evaluation
1934,24436,15478,2026-05-28,Blood glucose below 50 mg/dL with symptoms,Mild,Hypoglycemia,0,2026-06-02,Recovered
1935,24448,15487,2025-10-22,Diffuse maculopapular rash,Moderate,Rash,0,2025-10-23,Recovered
1936,24450,15488,2022-03-04,Extensive spontaneous bruising on limbs,Moderate,Bruising,0,2022-03-04,Recovered
1937,24507,15514,2024-06-21,New-onset tachyarrhythmia after dose increase,Moderate,Palpitations,0,2024-06-23,Ongoing
1938,24518,15521,2025-01-18,Severe drop in absolute neutrophil count,Moderate,Neutropenia,0,2025-01-23,Ongoing
1939,24523,15523,2025-01-24,New-onset elevated glucose readings,Mild,Hyperglycemia,0,2025-01-27,Recovered
1940,24531,15529,2024-03-04,Acute rise in serum creatinine,Fatal,Nephrotoxicity,0,2024-03-09,Fatal
1941,24549,15539,2024-04-01,Severe opioid-induced constipation,Mild,Constipation,0,2024-04-02,Recovered
1942,24561,15546,2026-07-07,Low serum potassium on routine labs,Moderate,Hypokalemia,0,2026-07-12,Under evaluation
1943,24578,15556,2023-10-24,Transaminases elevated 3x upper limit of normal,Severe,Hepatotoxicity,1,2023-10-24,Sequelae
1944,24619,15585,2025-02-14,Acute hypotension and airway swelling after dose,Mild,Anaphylaxis,0,2025-02-18,Recovered
1945,24630,15592,2026-05-15,Rise in creatinine during therapy,Mild,Nephrotoxicity,0,2026-05-18,Recovered
1946,24635,15594,2026-01-27,Persistent nausea and diarrhea after dosing,Moderate,Gastrointestinal upset,0,2026-01-30,Ongoing
1947,24656,15603,2026-06-05,Upper GI hemorrhage with hematemesis,Moderate,Gastrointestinal bleeding,0,2026-06-08,Under evaluation
1948,24659,15604,2026-05-02,Low serum magnesium on routine labs,Mild,Hypomagnesemia,0,2026-05-05,Recovered
1949,24661,15607,2021-07-28,Severe drop in absolute neutrophil count,Mild,Neutropenia,0,2021-08-01,Under evaluation
1950,24668,15612,2024-03-21,Unwitnessed fall attributed to sedation,Moderate,Falls,0,2024-03-25,Recovered
1951,24670,15613,2023-07-28,New-onset elevated glucose readings,Moderate,Hyperglycemia,0,2023-07-31,Ongoing
1952,24673,15615,2026-08-02,Acute hypotension and airway swelling after dose,Fatal,Anaphylaxis,1,2026-08-06,Fatal
1953,24674,15616,2024-12-15,Elevated liver transaminases on routine panel,Mild,Hepatotoxicity,0,2024-12-15,Recovered
1954,24688,15623,2026-05-19,New-onset sleep disturbance after starting therapy,Moderate,Insomnia,0,2026-05-23,Recovered
1955,24691,15624,2026-08-03,New-onset tachyarrhythmia after dose increase,Mild,Palpitations,0,2026-08-05,Recovered
1956,24703,15631,2026-07-19,New infection attributable to immunosuppression,Moderate,Opportunistic infection,0,2026-07-19,Recovered
1957,24706,15633,2025-09-07,Facial and lip swelling with mild airway compromise,Moderate,Angioedema,0,2025-09-08,Ongoing
1958,24707,15633,2026-02-03,Severe drop in absolute neutrophil count,Moderate,Neutropenia,0,2026-02-05,Recovered
1959,24739,15658,2025-03-12,Generalized urticaria and pruritus,Severe,Allergic skin reaction,1,2025-03-17,Ongoing
1960,24740,15660,2026-05-11,Acute hypotension and airway swelling after dose,Severe,Anaphylaxis,1,2026-05-15,Sequelae
1961,24744,15663,2025-07-06,Rapid weight gain over follow-up period,Moderate,Weight gain,0,2025-07-09,Under evaluation
1962,24763,15674,2026-04-14,New-onset elevated glucose readings,Moderate,Hyperglycemia,0,2026-04-17,Ongoing
1963,24772,15680,2026-06-09,New-onset elevated glucose readings,Moderate,Hyperglycemia,0,2026-06-10,Recovered
1964,24773,15681,2025-08-31,Unwitnessed fall attributed to sedation,Severe,Falls,1,2025-09-02,Ongoing
1965,24776,15683,2023-11-02,New lower-limb swelling,Moderate,Peripheral edema,0,2023-11-06,Recovered
1966,24790,15694,2025-01-10,Severe drop in absolute neutrophil count,Severe,Neutropenia,0,2025-01-13,Recovered
1967,24805,15705,2024-12-18,Transaminases elevated 3x upper limit of normal,Moderate,Hepatotoxicity,0,2024-12-19,Recovered
1968,24810,15706,2025-11-27,Rise in serum creatinine after treatment start,Fatal,Acute kidney injury,0,2025-11-28,Fatal
1969,24835,15724,2026-04-12,Elevated liver transaminases on routine panel,Moderate,Hepatotoxicity,0,2026-04-15,Recovered
1970,24836,15725,2026-03-19,Elevated heart rate after inhaler use,Moderate,Tachycardia,0,2026-03-22,Under evaluation
1971,24843,15733,2026-07-20,New-onset elevated glucose readings,Mild,Hyperglycemia,0,2026-07-20,Recovered
1972,24850,15736,2026-06-24,Generalized urticaria and pruritus,Mild,Allergic skin reaction,0,2026-06-28,Recovered
1973,24871,15748,2025-06-09,Decreased respiratory rate requiring monitoring,Fatal,Respiratory depression,1,2025-06-13,Fatal
1974,24879,15754,2025-09-15,Sleep disturbance following dose adjustment,Moderate,Insomnia,0,2025-09-18,Recovered
1975,24911,15773,2024-02-28,Diffuse muscle pain with elevated creatine kinase,Mild,Myalgia,0,2024-02-29,Recovered
1976,24935,15788,2026-03-26,Diffuse muscle pain with elevated creatine kinase,Severe,Myalgia,1,2026-03-29,Ongoing
1977,24964,15802,2023-09-20,New lower-limb swelling,Mild,Peripheral edema,0,2023-09-23,Recovered
1978,24974,15807,2025-01-22,New lower-limb swelling,Mild,Peripheral edema,0,2025-01-23,Recovered
1979,24978,15809,2026-06-25,Symptomatic low heart rate,Moderate,Bradycardia,0,2026-06-27,Recovered
1980,24981,15811,2024-03-01,Orthostatic hypotension with dizziness,Moderate,Dehydration,0,2024-03-06,Ongoing
1981,24991,15819,2024-10-21,Steroid-induced irritability and insomnia,Mild,Mood disturbance,0,2024-10-26,Recovered
1982,24996,15822,2023-08-18,Refractory chemotherapy-induced emesis,Fatal,Nausea and vomiting,1,2023-08-23,Fatal
1983,25011,15832,2024-05-19,Elevated liver transaminases on routine panel,Severe,Hepatotoxicity,1,2024-05-24,Recovered
1984,25014,15834,2025-06-16,Blood glucose below 50 mg/dL with symptoms,Moderate,Hypoglycemia,0,2025-06-21,Ongoing
1985,25024,15838,2025-09-29,Steroid-induced irritability and insomnia,Fatal,Mood disturbance,1,2025-10-03,Fatal
1986,25040,15846,2024-05-27,Decreased respiratory rate requiring monitoring,Severe,Respiratory depression,0,2024-05-27,Recovered
1987,25048,15848,2025-08-24,Unwitnessed fall attributed to sedation,Mild,Falls,0,2025-08-29,Recovered
1988,25056,15853,2026-04-02,"Agitation, tremor and hyperreflexia",Moderate,Serotonin syndrome,0,2026-04-07,Recovered
1989,25073,15863,2026-01-10,Extensive spontaneous bruising on limbs,Mild,Bruising,0,2026-01-12,Recovered
1990,25076,15864,2025-03-22,New-onset tremor and rigidity,Fatal,Extrapyramidal symptoms,1,2025-03-27,Fatal
1991,25081,15866,2025-03-31,Severe drop in absolute neutrophil count,Mild,Neutropenia,0,2025-04-03,Recovered
1992,25096,15873,2025-02-15,Unwitnessed fall attributed to sedation,Mild,Falls,0,2025-02-18,Under evaluation
1993,25099,15876,2026-06-20,Unwitnessed fall attributed to sedation,Moderate,Falls,0,2026-06-24,Recovered
1994,25112,15884,2026-01-10,Steroid-induced irritability and insomnia,Moderate,Mood disturbance,0,2026-01-13,Recovered
1995,25146,15906,2025-11-25,Recurrent headache following dose escalation,Moderate,Headache,0,2025-11-29,Under evaluation
1996,25197,15936,2024-12-05,Gastrointestinal bleeding requiring transfusion,Severe,Major hemorrhage,0,2024-12-07,Recovered
1997,25200,15940,2026-06-01,Localized redness and swelling at injection site,Mild,Injection site reaction,0,2026-06-03,Recovered
1998,25231,15969,2025-11-01,New lower-limb swelling,Mild,Peripheral edema,0,2025-11-02,Recovered
1999,25240,15974,2026-05-22,Symptomatic drop in blood pressure,Mild,Hypotension,0,2026-05-24,Recovered
2000,25241,15975,2025-10-04,Excessive daytime somnolence,Mild,Sedation,0,2025-10-09,Under evaluation
2001,25245,15977,2025-10-30,Severe drop in absolute neutrophil count,Moderate,Neutropenia,0,2025-11-02,Recovered
2002,25256,15982,2026-01-02,Elevated heart rate after inhaler use,Moderate,Tachycardia,0,2026-01-07,Recovered
2003,25257,15983,2025-10-19,Rapid weight gain over follow-up period,Moderate,Weight gain,0,2025-10-23,Ongoing
2004,25280,15997,2022-11-04,Sleep disturbance following dose adjustment,Moderate,Insomnia,0,2022-11-08,Under evaluation
2005,25282,15997,2023-03-20,New-onset persistent fatigue,Fatal,Fatigue,0,2023-03-25,Fatal
2006,25288,16002,2022-04-28,Rise in serum creatinine after treatment start,Mild,Acute kidney injury,0,2022-04-29,Recovered
2007,25320,16020,2024-12-21,Steroid-induced irritability and insomnia,Moderate,Mood disturbance,0,2024-12-24,Ongoing
2008,25336,16030,2026-05-28,Gastrointestinal bleeding requiring transfusion,Severe,Major hemorrhage,1,2026-05-28,Ongoing
2009,25348,16036,2025-07-13,Persistent non-productive cough unresponsive to antitussives,Mild,Dry cough,0,2025-07-16,Recovered
2010,25353,16040,2026-05-25,Low serum potassium on routine labs,Mild,Hypokalemia,0,2026-05-28,Recovered
2011,25367,16048,2025-09-11,Diffuse muscle pain with elevated creatine kinase,Mild,Myalgia,0,2025-09-14,Recovered
2012,25370,16050,2025-02-27,New lower-limb swelling,Severe,Peripheral edema,1,2025-03-01,Recovered
2013,25393,16060,2024-10-14,Elevated heart rate after inhaler use,Moderate,Tachycardia,0,2024-10-18,Ongoing
2014,25410,16074,2023-07-14,Gastrointestinal bleeding requiring transfusion,Moderate,Major hemorrhage,0,2023-07-14,Under evaluation
2015,25413,16075,2026-03-03,New-onset elevated glucose readings,Mild,Hyperglycemia,0,2026-03-07,Recovered
2016,25419,16078,2026-02-19,Generalized urticaria and pruritus,Mild,Allergic skin reaction,0,2026-02-20,Recovered
2017,25426,16082,2024-03-08,New-onset tachyarrhythmia after dose increase,Mild,Palpitations,0,2024-03-12,Recovered
2018,25443,16094,2026-07-03,Extensive spontaneous bruising on limbs,Mild,Bruising,0,2026-07-06,Recovered
2019,25448,16097,2024-11-26,Unwitnessed fall attributed to sedation,Fatal,Falls,1,2024-12-01,Fatal
2020,25481,16119,2026-06-17,New-onset elevated glucose readings,Mild,Hyperglycemia,0,2026-06-17,Recovered
2021,25489,16122,2026-01-12,Refractory chemotherapy-induced emesis,Severe,Nausea and vomiting,1,2026-01-15,Sequelae
2022,25512,16138,2025-04-06,New infection attributable to immunosuppression,Moderate,Opportunistic infection,0,2025-04-07,Ongoing
2023,25541,16159,2025-08-19,Generalized urticaria and pruritus,Mild,Allergic skin reaction,0,2025-08-24,Recovered
2024,25562,16167,2025-08-30,Upper GI hemorrhage with hematemesis,Mild,Gastrointestinal bleeding,0,2025-09-02,Recovered
2025,25564,16169,2025-10-01,Gastrointestinal bleeding requiring transfusion,Mild,Major hemorrhage,0,2025-10-03,Recovered
2026,25574,16174,2025-04-19,New-onset elevated glucose readings,Mild,Hyperglycemia,0,2025-04-19,Under evaluation
2027,25598,16191,2024-05-01,Facial and lip swelling with mild airway compromise,Mild,Angioedema,0,2024-05-06,Recovered
2028,25606,16194,2025-05-25,Sleep disturbance following dose adjustment,Moderate,Insomnia,0,2025-05-30,Recovered
2029,25607,16195,2026-04-22,"Agitation, tremor and hyperreflexia",Moderate,Serotonin syndrome,0,2026-04-23,Recovered
2030,25613,16201,2025-01-07,Extensive spontaneous bruising on limbs,Moderate,Bruising,0,2025-01-09,Under evaluation
2031,25614,16201,2026-01-25,Acute rise in serum creatinine,Moderate,Nephrotoxicity,0,2026-01-28,Ongoing
2032,25629,16212,2025-02-06,New-onset sleep disturbance after starting therapy,Severe,Insomnia,1,2025-02-09,Ongoing
2033,25630,16212,2025-09-03,New infection attributable to immunosuppression,Moderate,Opportunistic infection,0,2025-09-06,Under evaluation
2034,25643,16221,2025-08-10,Steroid-induced irritability and insomnia,Mild,Mood disturbance,0,2025-08-11,Recovered
2035,25645,16222,2026-07-13,Facial and lip swelling with mild airway compromise,Moderate,Angioedema,0,2026-07-14,Under evaluation
2036,25664,16237,2026-01-17,New-onset tremor and rigidity,Moderate,Extrapyramidal symptoms,0,2026-01-18,Under evaluation
2037,25669,16239,2025-03-18,New infection attributable to immunosuppression,Moderate,Opportunistic infection,0,2025-03-18,Ongoing
2038,25673,16242,2025-02-23,Transaminases elevated 3x upper limit of normal,Moderate,Hepatotoxicity,0,2025-02-25,Ongoing
2039,25696,16257,2023-08-01,Severe opioid-induced constipation,Severe,Constipation,1,2023-08-01,Ongoing
2040,25777,16306,2025-07-27,Upper GI hemorrhage with hematemesis,Severe,Gastrointestinal bleeding,1,2025-07-28,Sequelae
2041,25796,16318,2025-08-03,Metabolic acidosis with elevated lactate,Moderate,Lactic acidosis,0,2025-08-05,Ongoing
2042,25797,16318,2025-07-04,Decreased respiratory rate requiring monitoring,Severe,Respiratory depression,0,2025-07-09,Ongoing
2043,25814,16332,2024-08-14,Severe drop in absolute neutrophil count,Moderate,Neutropenia,0,2024-08-14,Under evaluation
2044,25828,16338,2025-05-11,Rise in serum creatinine after treatment start,Moderate,Acute kidney injury,0,2025-05-11,Recovered
2045,25834,16344,2024-02-06,Elevated liver transaminases on routine panel,Mild,Hepatotoxicity,0,2024-02-06,Recovered
2046,25847,16351,2024-08-28,Unwitnessed fall attributed to sedation,Moderate,Falls,0,2024-08-29,Recovered
2047,25849,16352,2024-08-15,Facial and lip swelling with mild airway compromise,Moderate,Angioedema,0,2024-08-16,Under evaluation
2048,25850,16352,2026-08-13,Fine hand tremor following dosing,Mild,Tremor,0,2026-08-17,Recovered
2049,25860,16357,2026-06-24,Severe drop in absolute neutrophil count,Moderate,Neutropenia,0,2026-06-29,Under evaluation
2050,25885,16373,2024-05-11,New-onset persistent fatigue,Severe,Fatigue,0,2024-05-12,Sequelae
2051,25888,16374,2026-02-02,Recurrent headache following dose escalation,Moderate,Headache,0,2026-02-06,Recovered
2052,25892,16379,2023-02-11,"Agitation, tremor and hyperreflexia",Mild,Serotonin syndrome,0,2023-02-16,Recovered
2053,25903,16387,2024-12-31,Extensive spontaneous bruising on limbs,Mild,Bruising,0,2025-01-01,Recovered
2054,25908,16389,2025-10-24,Transaminases elevated 3x upper limit of normal,Moderate,Hepatotoxicity,0,2025-10-29,Ongoing
2055,25914,16396,2025-05-22,Upper GI hemorrhage with hematemesis,Moderate,Gastrointestinal bleeding,0,2025-05-23,Under evaluation
2056,25915,16398,2024-03-29,Symptomatic low heart rate,Fatal,Bradycardia,1,2024-03-31,Fatal
2057,25917,16400,2026-06-26,Excessive daytime somnolence,Moderate,Sedation,0,2026-06-28,Recovered
2058,25920,16400,2023-12-16,New infection attributable to immunosuppression,Mild,Opportunistic infection,0,2023-12-16,Recovered
2059,25921,16401,2022-04-02,Excessive daytime somnolence,Moderate,Sedation,0,2022-04-04,Under evaluation
2060,25951,16420,2025-12-23,Extensive spontaneous bruising on limbs,Severe,Bruising,1,2025-12-26,Ongoing
2061,25977,16436,2025-02-09,Gastrointestinal bleeding requiring transfusion,Mild,Major hemorrhage,0,2025-02-10,Under evaluation
2062,26003,16451,2024-06-11,Symptomatic drop in blood pressure,Moderate,Hypotension,0,2024-06-15,Ongoing
2063,26009,16456,2025-08-29,Persistent nausea and diarrhea after dosing,Mild,Gastrointestinal upset,0,2025-08-31,Recovered
2064,26028,16466,2024-02-24,Extensive spontaneous bruising on limbs,Mild,Bruising,0,2024-02-29,Recovered
2065,26034,16469,2022-08-30,Facial and lip swelling with mild airway compromise,Moderate,Angioedema,0,2022-09-04,Under evaluation
2066,26045,16478,2026-07-12,Elevated heart rate after inhaler use,Moderate,Tachycardia,0,2026-07-15,Recovered
2067,26061,16489,2024-12-08,Upper GI hemorrhage with hematemesis,Moderate,Gastrointestinal bleeding,0,2024-12-12,Ongoing
2068,26086,16505,2024-04-12,Facial and lip swelling with mild airway compromise,Mild,Angioedema,0,2024-04-17,Recovered
2069,26087,16505,2026-07-08,New-onset sleep disturbance after starting therapy,Mild,Insomnia,0,2026-07-09,Recovered
2070,26088,16505,2021-08-16,Severe drop in absolute neutrophil count,Mild,Neutropenia,0,2021-08-20,Recovered
2071,26096,16510,2026-05-16,Symptomatic low heart rate,Moderate,Bradycardia,0,2026-05-16,Recovered
2072,26097,16510,2026-07-18,New-onset tachyarrhythmia after dose increase,Moderate,Palpitations,0,2026-07-18,Recovered
2073,26109,16517,2025-01-04,Generalized urticaria and pruritus,Mild,Allergic skin reaction,0,2025-01-04,Recovered
2074,26115,16521,2025-11-20,Acute hypotension and airway swelling after dose,Fatal,Anaphylaxis,1,2025-11-22,Fatal
2075,26119,16525,2025-06-12,New lower-limb swelling,Mild,Peripheral edema,0,2025-06-15,Recovered
2076,26121,16525,2025-12-13,Acute hypotension and airway swelling after dose,Severe,Anaphylaxis,0,2025-12-13,Recovered
2077,26129,16530,2023-05-24,Severe drop in absolute neutrophil count,Moderate,Neutropenia,0,2023-05-26,Under evaluation
2078,26169,16559,2025-12-17,Severe drop in absolute neutrophil count,Mild,Neutropenia,0,2025-12-20,Recovered
2079,26190,16570,2024-04-21,Transaminases elevated 3x upper limit of normal,Moderate,Hepatotoxicity,0,2024-04-25,Ongoing
2080,26194,16572,2026-08-14,Facial and lip swelling with mild airway compromise,Moderate,Angioedema,0,2026-08-16,Recovered
2081,26196,16573,2021-02-15,Elevated liver transaminases on routine panel,Severe,Hepatotoxicity,1,2021-02-16,Sequelae
2082,26209,16583,2026-01-05,Extensive spontaneous bruising on limbs,Mild,Bruising,0,2026-01-06,Under evaluation
2083,26234,16599,2021-06-06,Transaminases elevated 3x upper limit of normal,Severe,Hepatotoxicity,1,2021-06-08,Ongoing
2084,26240,16601,2024-10-15,New-onset sleep disturbance after starting therapy,Severe,Insomnia,1,2024-10-17,Sequelae
2085,26248,16606,2023-04-17,Decreased respiratory rate requiring monitoring,Severe,Respiratory depression,1,2023-04-19,Ongoing
2086,26249,16606,2024-11-19,Excessive daytime somnolence,Moderate,Sedation,0,2024-11-21,Recovered
2087,26265,16618,2025-03-17,Upper GI hemorrhage with hematemesis,Mild,Gastrointestinal bleeding,0,2025-03-21,Recovered
2088,26272,16625,2026-08-02,Extensive spontaneous bruising on limbs,Fatal,Bruising,1,2026-08-04,Fatal
2089,26279,16628,2026-03-01,Steroid-induced irritability and insomnia,Mild,Mood disturbance,0,2026-03-02,Recovered
2090,26291,16635,2023-04-18,Extensive spontaneous bruising on limbs,Mild,Bruising,0,2023-04-22,Recovered
2091,26313,16651,2025-04-24,Low serum magnesium on routine labs,Severe,Hypomagnesemia,1,2025-04-24,Sequelae
2092,26318,16654,2026-08-07,Elevated liver transaminases on routine panel,Moderate,Hepatotoxicity,0,2026-08-08,Recovered
2093,26320,16654,2024-09-14,Refractory chemotherapy-induced emesis,Mild,Nausea and vomiting,0,2024-09-17,Recovered
2094,26338,16666,2021-06-02,"Agitation, tremor and hyperreflexia",Severe,Serotonin syndrome,1,2021-06-04,Sequelae
2095,26347,16670,2024-07-25,Unexplained leukopenia on follow-up labs,Moderate,Bone marrow suppression,0,2024-07-26,Ongoing
2096,26351,16671,2024-09-25,Low serum magnesium on routine labs,Moderate,Hypomagnesemia,0,2024-09-28,Under evaluation
2097,26353,16672,2026-07-09,New-onset sleep disturbance after starting therapy,Severe,Insomnia,0,2026-07-13,Sequelae
2098,26362,16677,2023-06-03,Extensive spontaneous bruising on limbs,Mild,Bruising,0,2023-06-03,Recovered
2099,26379,16686,2026-06-13,Persistent non-productive cough unresponsive to antitussives,Moderate,Dry cough,0,2026-06-17,Under evaluation
2100,26386,16689,2025-05-07,New-onset elevated glucose readings,Moderate,Hyperglycemia,0,2025-05-10,Recovered
2101,26389,16691,2025-08-30,Decreased respiratory rate requiring monitoring,Moderate,Respiratory depression,0,2025-08-31,Ongoing
2102,26395,16695,2023-10-24,Orthostatic hypotension with dizziness,Mild,Dehydration,0,2023-10-25,Recovered
2103,26406,16699,2021-05-03,Rise in serum creatinine after treatment start,Moderate,Acute kidney injury,0,2021-05-08,Recovered
2104,26419,16706,2026-02-03,Persistent non-productive cough unresponsive to antitussives,Mild,Dry cough,0,2026-02-08,Recovered
2105,26444,16726,2026-03-19,Severe drop in absolute neutrophil count,Moderate,Neutropenia,0,2026-03-21,Ongoing
2106,26457,16732,2023-03-12,Rapid weight gain over follow-up period,Mild,Weight gain,0,2023-03-17,Recovered
2107,26469,16740,2026-04-19,Extensive spontaneous bruising on limbs,Severe,Bruising,0,2026-04-22,Recovered
2108,26479,16744,2023-07-29,Transaminases elevated 3x upper limit of normal,Severe,Hepatotoxicity,1,2023-07-29,Ongoing
2109,26503,16756,2025-03-29,Rapid weight gain over follow-up period,Fatal,Weight gain,1,2025-04-01,Fatal
2110,26505,16758,2024-05-11,Steroid-induced irritability and insomnia,Moderate,Mood disturbance,0,2024-05-13,Under evaluation
2111,26518,16766,2020-09-04,Severe opioid-induced constipation,Severe,Constipation,1,2020-09-05,Ongoing
2112,26531,16775,2022-12-21,Severe opioid-induced constipation,Mild,Constipation,0,2022-12-21,Under evaluation
2113,26534,16778,2026-06-27,Symptomatic low heart rate,Moderate,Bradycardia,0,2026-06-28,Under evaluation
2114,26559,16792,2025-11-28,"Agitation, tremor and hyperreflexia",Severe,Serotonin syndrome,1,2025-11-30,Ongoing
2115,26565,16796,2025-10-31,Low serum potassium on routine labs,Severe,Hypokalemia,1,2025-11-01,Sequelae
2116,26568,16798,2024-07-27,Excessive daytime somnolence,Moderate,Sedation,0,2024-07-28,Ongoing
2117,26577,16803,2020-11-19,Acute rise in serum creatinine,Mild,Nephrotoxicity,0,2020-11-23,Recovered
2118,26625,16832,2024-05-04,New-onset sleep disturbance after starting therapy,Fatal,Insomnia,1,2024-05-06,Fatal
2119,26628,16833,2023-12-04,Acute hypotension and airway swelling after dose,Mild,Anaphylaxis,0,2023-12-04,Under evaluation
2120,26630,16834,2025-06-03,Steroid-induced irritability and insomnia,Mild,Mood disturbance,0,2025-06-04,Recovered
2121,26633,16836,2026-02-09,Persistent non-productive cough unresponsive to antitussives,Mild,Dry cough,0,2026-02-12,Under evaluation
2122,26656,16847,2026-01-22,New-onset elevated glucose readings,Mild,Hyperglycemia,0,2026-01-27,Recovered
2123,26657,16848,2025-12-29,Persistent non-productive cough unresponsive to antitussives,Fatal,Dry cough,1,2025-12-29,Fatal
2124,26666,16852,2025-05-07,Blood glucose below 50 mg/dL with symptoms,Moderate,Hypoglycemia,0,2025-05-10,Under evaluation
2125,26668,16855,2026-06-22,New-onset elevated glucose readings,Moderate,Hyperglycemia,0,2026-06-25,Recovered
2126,26670,16855,2026-07-08,Excessive daytime somnolence,Moderate,Sedation,0,2026-07-10,Recovered
2127,26696,16870,2026-04-04,Excessive daytime somnolence,Moderate,Sedation,0,2026-04-08,Under evaluation
2128,26710,16879,2025-03-14,Gastrointestinal bleeding requiring transfusion,Severe,Major hemorrhage,0,2025-03-19,Ongoing
2129,26739,16899,2024-04-15,Upper GI hemorrhage with hematemesis,Moderate,Gastrointestinal bleeding,0,2024-04-17,Ongoing
2130,26746,16903,2023-04-29,Rise in serum creatinine after treatment start,Moderate,Acute kidney injury,0,2023-05-03,Recovered
2131,26750,16905,2021-07-08,Transaminases elevated 3x upper limit of normal,Moderate,Hepatotoxicity,0,2021-07-09,Ongoing
2132,26761,16912,2026-05-09,Low serum potassium on routine labs,Moderate,Hypokalemia,0,2026-05-13,Recovered
2133,26767,16914,2026-06-13,Severe drop in absolute neutrophil count,Severe,Neutropenia,1,2026-06-18,Sequelae
2134,26769,16915,2024-05-26,Generalized urticaria and pruritus,Severe,Allergic skin reaction,1,2024-05-30,Recovered
2135,26774,16919,2025-11-09,"Agitation, tremor and hyperreflexia",Moderate,Serotonin syndrome,0,2025-11-13,Recovered
2136,26801,16936,2026-07-08,New-onset sleep disturbance after starting therapy,Severe,Insomnia,1,2026-07-08,Recovered
2137,26805,16937,2025-02-21,Sleep disturbance following dose adjustment,Moderate,Insomnia,0,2025-02-23,Ongoing
2138,26807,16939,2023-02-27,Gastrointestinal bleeding requiring transfusion,Moderate,Major hemorrhage,0,2023-03-04,Recovered
2139,26821,16947,2026-08-11,Steroid-induced irritability and insomnia,Moderate,Mood disturbance,0,2026-08-13,Under evaluation
2140,26844,16962,2020-08-13,Steroid-induced irritability and insomnia,Mild,Mood disturbance,0,2020-08-14,Recovered
2141,26866,16981,2026-07-06,Persistent nausea and diarrhea after dosing,Moderate,Gastrointestinal upset,0,2026-07-10,Recovered
2142,26868,16981,2026-06-11,Severe drop in absolute neutrophil count,Mild,Neutropenia,0,2026-06-12,Recovered
2143,26872,16984,2026-07-26,New-onset tremor and rigidity,Mild,Extrapyramidal symptoms,0,2026-07-31,Recovered
2144,26894,16998,2026-07-22,Severe opioid-induced constipation,Moderate,Constipation,0,2026-07-27,Recovered
2145,26917,17011,2022-05-25,Unexplained leukopenia on follow-up labs,Mild,Bone marrow suppression,0,2022-05-28,Recovered
2146,26922,17015,2024-09-19,Gastrointestinal bleeding requiring transfusion,Mild,Major hemorrhage,0,2024-09-22,Recovered
2147,26938,17029,2025-09-02,Rise in serum creatinine after treatment start,Moderate,Acute kidney injury,0,2025-09-02,Under evaluation
2148,26939,17029,2025-05-01,Blood glucose below 50 mg/dL with symptoms,Mild,Hypoglycemia,0,2025-05-03,Recovered
2149,26949,17036,2025-09-10,Decreased respiratory rate requiring monitoring,Mild,Respiratory depression,0,2025-09-15,Recovered
2150,26989,17059,2023-11-02,Gastrointestinal bleeding requiring transfusion,Moderate,Major hemorrhage,0,2023-11-04,Recovered
2151,27002,17067,2026-02-05,Excessive daytime somnolence,Moderate,Sedation,0,2026-02-08,Ongoing
2152,27007,17071,2023-05-24,New-onset sleep disturbance after starting therapy,Mild,Insomnia,0,2023-05-26,Recovered
2153,27019,17081,2024-08-17,Steroid-induced irritability and insomnia,Severe,Mood disturbance,0,2024-08-18,Ongoing
2154,27022,17081,2024-12-27,New-onset tachyarrhythmia after dose increase,Mild,Palpitations,0,2025-01-01,Recovered
2155,27024,17082,2025-01-05,Excessive daytime somnolence,Moderate,Sedation,0,2025-01-05,Recovered
2156,27032,17088,2024-12-18,Facial and lip swelling with mild airway compromise,Mild,Angioedema,0,2024-12-18,Recovered
2157,27059,17103,2026-03-03,"Agitation, tremor and hyperreflexia",Mild,Serotonin syndrome,0,2026-03-07,Recovered
2158,27108,17137,2023-01-16,Severe opioid-induced constipation,Severe,Constipation,0,2023-01-20,Sequelae
2159,27137,17154,2026-06-07,Acute hypotension and airway swelling after dose,Mild,Anaphylaxis,0,2026-06-10,Under evaluation
2160,27139,17155,2024-03-16,New-onset sleep disturbance after starting therapy,Moderate,Insomnia,0,2024-03-21,Ongoing
2161,27141,17155,2025-04-03,"Agitation, tremor and hyperreflexia",Mild,Serotonin syndrome,0,2025-04-04,Recovered
2162,27153,17161,2022-08-10,Blood glucose below 50 mg/dL with symptoms,Fatal,Hypoglycemia,1,2022-08-11,Fatal
2163,27168,17172,2025-11-27,Elevated liver transaminases on routine panel,Moderate,Hepatotoxicity,0,2025-12-02,Ongoing
2164,27171,17173,2021-06-29,Gastrointestinal bleeding requiring transfusion,Mild,Major hemorrhage,0,2021-07-04,Recovered
2165,27187,17183,2024-09-06,New-onset persistent fatigue,Mild,Fatigue,0,2024-09-11,Recovered
2166,27192,17188,2023-06-15,Rise in creatinine during therapy,Moderate,Nephrotoxicity,0,2023-06-19,Under evaluation
2167,27204,17197,2026-07-17,Transaminases elevated 3x upper limit of normal,Severe,Hepatotoxicity,1,2026-07-21,Recovered
2168,27206,17198,2024-12-29,New-onset elevated glucose readings,Mild,Hyperglycemia,0,2025-01-02,Recovered
2169,27211,17201,2025-12-17,Acute rise in serum creatinine,Moderate,Nephrotoxicity,0,2025-12-21,Under evaluation
2170,27220,17208,2026-07-18,Symptomatic drop in blood pressure,Moderate,Hypotension,0,2026-07-22,Under evaluation
2171,27225,17212,2022-08-18,Facial and lip swelling with mild airway compromise,Fatal,Angioedema,1,2022-08-20,Fatal
2172,27226,17212,2024-10-13,Gastrointestinal bleeding requiring transfusion,Mild,Major hemorrhage,0,2024-10-15,Recovered
2173,27243,17225,2025-10-05,Blood glucose below 50 mg/dL with symptoms,Moderate,Hypoglycemia,0,2025-10-05,Under evaluation
2174,27256,17235,2026-07-06,Persistent non-productive cough unresponsive to antitussives,Moderate,Dry cough,0,2026-07-06,Recovered
2175,27257,17235,2025-10-15,Blood glucose below 50 mg/dL with symptoms,Moderate,Hypoglycemia,0,2025-10-18,Recovered
2176,27294,17258,2026-06-19,Symptomatic drop in blood pressure,Moderate,Hypotension,0,2026-06-20,Under evaluation
2177,27309,17268,2026-06-25,Symptomatic low heart rate,Fatal,Bradycardia,1,2026-06-26,Fatal
2178,27335,17283,2026-08-06,Severe opioid-induced constipation,Moderate,Constipation,0,2026-08-09,Ongoing
2179,27340,17286,2025-11-24,New-onset persistent fatigue,Severe,Fatigue,1,2025-11-24,Ongoing
2180,27341,17287,2023-01-20,Acute hypotension and airway swelling after dose,Mild,Anaphylaxis,0,2023-01-24,Under evaluation
2181,27345,17291,2026-08-14,Facial and lip swelling with mild airway compromise,Mild,Angioedema,0,2026-08-17,Recovered
2182,27349,17293,2026-02-08,Refractory chemotherapy-induced emesis,Mild,Nausea and vomiting,0,2026-02-08,Recovered
2183,27373,17310,2024-07-02,Acute hypotension and airway swelling after dose,Mild,Anaphylaxis,0,2024-07-07,Recovered
2184,27419,17336,2025-04-25,Decreased respiratory rate requiring monitoring,Moderate,Respiratory depression,0,2025-04-29,Recovered
2185,27424,17337,2025-01-12,New-onset tachyarrhythmia after dose increase,Moderate,Palpitations,0,2025-01-13,Recovered
2186,27426,17338,2025-08-14,Acute hypotension and airway swelling after dose,Severe,Anaphylaxis,1,2025-08-19,Ongoing
2187,27437,17344,2025-12-13,Severe drop in absolute neutrophil count,Severe,Neutropenia,1,2025-12-14,Sequelae
2188,27447,17352,2026-03-12,Transaminases elevated 3x upper limit of normal,Moderate,Hepatotoxicity,0,2026-03-13,Ongoing
2189,27454,17356,2026-05-31,Steroid-induced irritability and insomnia,Mild,Mood disturbance,0,2026-06-02,Recovered
2190,27462,17361,2024-06-28,Blood glucose below 50 mg/dL with symptoms,Mild,Hypoglycemia,0,2024-07-02,Recovered
2191,27465,17364,2025-07-27,New-onset elevated glucose readings,Mild,Hyperglycemia,0,2025-07-31,Under evaluation
2192,27471,17368,2021-10-25,Unexplained leukopenia on follow-up labs,Severe,Bone marrow suppression,1,2021-10-27,Recovered
2193,27488,17379,2026-07-14,New infection attributable to immunosuppression,Severe,Opportunistic infection,1,2026-07-16,Sequelae
2194,27521,17399,2024-07-11,Fine hand tremor following dosing,Moderate,Tremor,0,2024-07-16,Recovered
2195,27523,17399,2020-10-16,Facial and lip swelling with mild airway compromise,Mild,Angioedema,0,2020-10-19,Recovered
2196,27541,17410,2026-04-20,Severe drop in absolute neutrophil count,Severe,Neutropenia,1,2026-04-20,Recovered
2197,27545,17414,2022-05-08,New-onset elevated glucose readings,Mild,Hyperglycemia,0,2022-05-11,Under evaluation
2198,27554,17421,2024-10-06,New infection attributable to immunosuppression,Moderate,Opportunistic infection,0,2024-10-08,Recovered
2199,27567,17428,2025-05-11,Refractory chemotherapy-induced emesis,Severe,Nausea and vomiting,1,2025-05-16,Sequelae
2200,27603,17449,2024-11-27,Refractory chemotherapy-induced emesis,Severe,Nausea and vomiting,1,2024-11-27,Ongoing
2201,27610,17452,2026-01-23,Low serum magnesium on routine labs,Mild,Hypomagnesemia,0,2026-01-24,Recovered
2202,27611,17453,2025-09-09,Severe opioid-induced constipation,Severe,Constipation,1,2025-09-12,Recovered
2203,27616,17458,2025-09-24,Elevated liver transaminases on routine panel,Severe,Hepatotoxicity,1,2025-09-28,Ongoing
2204,27625,17462,2026-08-01,Extensive spontaneous bruising on limbs,Moderate,Bruising,0,2026-08-06,Recovered
2205,27640,17471,2026-07-30,Persistent nausea and diarrhea after dosing,Mild,Gastrointestinal upset,0,2026-08-03,Recovered
2206,27647,17476,2026-05-18,New infection attributable to immunosuppression,Fatal,Opportunistic infection,0,2026-05-23,Fatal
2207,27657,17482,2026-05-18,Localized redness and swelling at injection site,Moderate,Injection site reaction,0,2026-05-18,Recovered
2208,27668,17489,2026-07-24,Fine hand tremor following dosing,Mild,Tremor,0,2026-07-27,Recovered
2209,27675,17492,2025-10-23,Blood glucose below 50 mg/dL with symptoms,Moderate,Hypoglycemia,0,2025-10-28,Recovered
2210,27686,17500,2024-05-31,Facial and lip swelling with mild airway compromise,Moderate,Angioedema,0,2024-06-04,Recovered
2211,27693,17505,2025-07-13,Steroid-induced irritability and insomnia,Mild,Mood disturbance,0,2025-07-18,Recovered
2212,27697,17508,2023-01-05,Extensive spontaneous bruising on limbs,Moderate,Bruising,0,2023-01-08,Recovered
2213,27711,17517,2026-07-06,Acute rise in serum creatinine,Fatal,Nephrotoxicity,1,2026-07-07,Fatal
2214,27712,17517,2025-08-01,Recurrent headache following dose escalation,Moderate,Headache,0,2025-08-06,Recovered
2215,27735,17534,2025-12-18,Acute rise in serum creatinine,Mild,Nephrotoxicity,0,2025-12-21,Recovered
2216,27736,17535,2023-03-22,New-onset elevated glucose readings,Mild,Hyperglycemia,0,2023-03-24,Under evaluation
2217,27740,17537,2025-12-13,Generalized urticaria and pruritus,Mild,Allergic skin reaction,0,2025-12-14,Recovered
2218,27743,17538,2026-07-18,Refractory chemotherapy-induced emesis,Moderate,Nausea and vomiting,0,2026-07-22,Ongoing
2219,27754,17544,2026-07-13,Recurrent headache following dose escalation,Mild,Headache,0,2026-07-13,Under evaluation
2220,27783,17560,2024-10-28,Symptomatic low heart rate,Moderate,Bradycardia,0,2024-10-30,Ongoing
2221,27790,17564,2026-04-03,Excessive daytime somnolence,Mild,Sedation,0,2026-04-08,Recovered
2222,27793,17565,2026-07-12,Rise in serum creatinine after treatment start,Mild,Acute kidney injury,0,2026-07-14,Under evaluation
2223,27809,17571,2023-12-30,"Agitation, tremor and hyperreflexia",Moderate,Serotonin syndrome,0,2024-01-01,Recovered
2224,27811,17572,2026-08-05,New-onset sleep disturbance after starting therapy,Mild,Insomnia,0,2026-08-07,Recovered
2225,27835,17588,2025-01-20,Rise in serum creatinine after treatment start,Mild,Acute kidney injury,0,2025-01-25,Under evaluation
2226,27854,17601,2025-10-02,Diffuse muscle pain with elevated creatine kinase,Mild,Myalgia,0,2025-10-07,Under evaluation
2227,27878,17616,2025-02-23,Acute hypotension and airway swelling after dose,Severe,Anaphylaxis,0,2025-02-23,Ongoing
2228,27897,17627,2025-06-02,Gastrointestinal bleeding requiring transfusion,Fatal,Major hemorrhage,1,2025-06-07,Fatal
2229,27915,17640,2025-07-21,Decreased respiratory rate requiring monitoring,Moderate,Respiratory depression,0,2025-07-26,Recovered
2230,27922,17643,2025-08-20,Persistent non-productive cough unresponsive to antitussives,Severe,Dry cough,1,2025-08-22,Ongoing
2231,27937,17653,2025-08-13,Generalized urticaria and pruritus,Mild,Allergic skin reaction,0,2025-08-16,Recovered
2232,27973,17675,2025-05-03,Unexplained leukopenia on follow-up labs,Moderate,Bone marrow suppression,0,2025-05-03,Recovered
2233,27983,17680,2026-02-22,"Agitation, tremor and hyperreflexia",Moderate,Serotonin syndrome,0,2026-02-22,Ongoing
2234,28002,17692,2022-11-28,Decreased respiratory rate requiring monitoring,Moderate,Respiratory depression,0,2022-12-02,Ongoing
2235,28006,17695,2025-10-28,Severe drop in absolute neutrophil count,Mild,Neutropenia,0,2025-11-01,Recovered
2236,28009,17697,2025-10-29,Symptomatic low heart rate,Mild,Bradycardia,0,2025-10-31,Recovered
2237,28030,17710,2026-07-24,Unexplained leukopenia on follow-up labs,Moderate,Bone marrow suppression,0,2026-07-24,Recovered
2238,28033,17712,2026-05-23,Severe drop in absolute neutrophil count,Fatal,Neutropenia,1,2026-05-25,Fatal
2239,28049,17722,2025-12-06,Gastrointestinal bleeding requiring transfusion,Moderate,Major hemorrhage,0,2025-12-07,Ongoing
2240,28056,17727,2022-03-29,Unwitnessed fall attributed to sedation,Severe,Falls,0,2022-03-31,Sequelae
2241,28072,17735,2023-03-17,"Agitation, tremor and hyperreflexia",Mild,Serotonin syndrome,0,2023-03-21,Recovered
2242,28106,17755,2026-04-13,Facial and lip swelling with mild airway compromise,Fatal,Angioedema,1,2026-04-18,Fatal
2243,28131,17766,2022-03-24,"Agitation, tremor and hyperreflexia",Moderate,Serotonin syndrome,0,2022-03-29,Recovered
2244,28160,17785,2026-02-14,Severe opioid-induced constipation,Severe,Constipation,1,2026-02-14,Sequelae
2245,28162,17786,2026-01-03,Persistent nausea and diarrhea after dosing,Moderate,Gastrointestinal upset,0,2026-01-08,Recovered
2246,28175,17793,2025-02-02,Symptomatic low heart rate,Severe,Bradycardia,1,2025-02-07,Recovered
2247,28179,17796,2022-08-15,Steroid-induced irritability and insomnia,Mild,Mood disturbance,0,2022-08-16,Recovered
2248,28183,17800,2026-05-15,Persistent non-productive cough unresponsive to antitussives,Mild,Dry cough,0,2026-05-20,Recovered
2249,28186,17803,2025-05-05,Gastrointestinal bleeding requiring transfusion,Mild,Major hemorrhage,0,2025-05-06,Recovered
2250,28201,17813,2025-02-26,Orthostatic hypotension with dizziness,Mild,Dehydration,0,2025-03-02,Recovered
2251,28203,17813,2026-07-30,Fine hand tremor following dosing,Mild,Tremor,0,2026-08-04,Recovered
2252,28206,17815,2026-01-28,Symptomatic low heart rate,Mild,Bradycardia,0,2026-01-28,Recovered
2253,28207,17816,2021-12-30,Severe opioid-induced constipation,Severe,Constipation,0,2021-12-31,Sequelae
2254,28238,17838,2022-05-13,New-onset tremor and rigidity,Fatal,Extrapyramidal symptoms,1,2022-05-14,Fatal
2255,28264,17852,2025-06-04,Rise in serum creatinine after treatment start,Moderate,Acute kidney injury,0,2025-06-08,Recovered
2256,28272,17857,2026-07-29,Excessive daytime somnolence,Moderate,Sedation,0,2026-08-02,Ongoing
2257,28277,17862,2024-06-10,Extensive spontaneous bruising on limbs,Severe,Bruising,0,2024-06-12,Recovered
2258,28279,17862,2024-08-19,Excessive daytime somnolence,Mild,Sedation,0,2024-08-22,Recovered
2259,28280,17863,2024-10-20,Recurrent headache following dose escalation,Moderate,Headache,0,2024-10-21,Recovered
2260,28318,17888,2026-02-13,Gastrointestinal bleeding requiring transfusion,Moderate,Major hemorrhage,0,2026-02-16,Under evaluation
2261,28335,17898,2022-05-17,Acute hypotension and airway swelling after dose,Mild,Anaphylaxis,0,2022-05-22,Recovered
2262,28347,17906,2025-09-23,Metabolic acidosis with elevated lactate,Mild,Lactic acidosis,0,2025-09-27,Recovered
2263,28355,17910,2025-12-09,Gastrointestinal bleeding requiring transfusion,Mild,Major hemorrhage,0,2025-12-09,Recovered
2264,28362,17914,2026-02-25,Upper GI hemorrhage with hematemesis,Mild,Gastrointestinal bleeding,0,2026-02-26,Recovered
2265,28364,17915,2022-12-30,Extensive spontaneous bruising on limbs,Moderate,Bruising,0,2023-01-04,Recovered
2266,28373,17921,2026-08-07,Facial and lip swelling with mild airway compromise,Moderate,Angioedema,0,2026-08-09,Recovered
2267,28376,17923,2026-07-30,Metabolic acidosis with elevated lactate,Moderate,Lactic acidosis,0,2026-08-02,Ongoing
2268,28377,17923,2024-07-17,Upper GI hemorrhage with hematemesis,Mild,Gastrointestinal bleeding,0,2024-07-22,Recovered
2269,28380,17924,2024-11-16,Diffuse muscle pain with elevated creatine kinase,Mild,Myalgia,0,2024-11-18,Under evaluation
2270,28382,17925,2026-05-19,New-onset sleep disturbance after starting therapy,Severe,Insomnia,1,2026-05-22,Sequelae
2271,28386,17929,2025-02-05,Symptomatic low heart rate,Mild,Bradycardia,0,2025-02-10,Recovered
2272,28413,17942,2026-07-27,Metabolic acidosis with elevated lactate,Moderate,Lactic acidosis,0,2026-07-31,Under evaluation
2273,28420,17943,2026-07-11,Acute hypotension and airway swelling after dose,Mild,Anaphylaxis,0,2026-07-11,Recovered
2274,28433,17952,2026-06-23,Facial and lip swelling with mild airway compromise,Severe,Angioedema,1,2026-06-27,Sequelae
2275,28437,17954,2022-12-19,Decreased respiratory rate requiring monitoring,Moderate,Respiratory depression,0,2022-12-22,Recovered
2276,28458,17966,2024-10-30,Acute rise in serum creatinine,Moderate,Nephrotoxicity,0,2024-10-30,Ongoing
2277,28459,17967,2020-12-23,New-onset sleep disturbance after starting therapy,Mild,Insomnia,0,2020-12-25,Recovered
2278,28464,17970,2025-04-05,Steroid-induced irritability and insomnia,Severe,Mood disturbance,0,2025-04-05,Recovered
2279,28516,18008,2026-07-05,Facial and lip swelling with mild airway compromise,Mild,Angioedema,0,2026-07-08,Recovered
2280,28525,18016,2024-04-13,Severe drop in absolute neutrophil count,Severe,Neutropenia,1,2024-04-16,Sequelae
2281,28550,18031,2025-08-24,Refractory chemotherapy-induced emesis,Mild,Nausea and vomiting,0,2025-08-27,Recovered
2282,28556,18036,2021-07-11,Severe drop in absolute neutrophil count,Severe,Neutropenia,0,2021-07-12,Recovered
2283,28559,18036,2023-02-02,New-onset sleep disturbance after starting therapy,Moderate,Insomnia,0,2023-02-07,Under evaluation
2284,28573,18044,2026-03-03,New-onset elevated glucose readings,Fatal,Hyperglycemia,1,2026-03-07,Fatal
2285,28587,18052,2026-07-21,"Agitation, tremor and hyperreflexia",Moderate,Serotonin syndrome,0,2026-07-21,Ongoing
2286,28596,18061,2026-04-27,Rapid weight gain over follow-up period,Severe,Weight gain,1,2026-04-30,Ongoing
2287,28603,18064,2026-01-18,Acute rise in serum creatinine,Moderate,Nephrotoxicity,0,2026-01-20,Ongoing
2288,28615,18071,2024-09-14,Fine hand tremor following dosing,Moderate,Tremor,0,2024-09-18,Ongoing
2289,28621,18075,2026-05-25,Localized redness and swelling at injection site,Mild,Injection site reaction,0,2026-05-29,Recovered
2290,28622,18076,2025-08-03,Recurrent headache following dose escalation,Severe,Headache,0,2025-08-06,Sequelae
2291,28644,18087,2024-07-15,Decreased respiratory rate requiring monitoring,Severe,Respiratory depression,1,2024-07-18,Ongoing
2292,28660,18098,2023-02-02,Low serum magnesium on routine labs,Moderate,Hypomagnesemia,0,2023-02-02,Ongoing
2293,28687,18117,2026-07-16,Extensive spontaneous bruising on limbs,Mild,Bruising,0,2026-07-18,Recovered
2294,28695,18122,2025-07-09,Excessive daytime somnolence,Moderate,Sedation,0,2025-07-13,Under evaluation
2295,28719,18137,2025-08-02,Fine hand tremor following dosing,Moderate,Tremor,0,2025-08-06,Under evaluation
2296,28724,18139,2025-12-31,Persistent non-productive cough unresponsive to antitussives,Moderate,Dry cough,0,2026-01-02,Recovered
2297,28733,18146,2026-06-17,Upper GI hemorrhage with hematemesis,Moderate,Gastrointestinal bleeding,0,2026-06-19,Recovered
2298,28743,18152,2024-05-22,Rise in serum creatinine after treatment start,Moderate,Acute kidney injury,0,2024-05-26,Recovered
2299,28752,18160,2026-07-13,Facial and lip swelling with mild airway compromise,Moderate,Angioedema,0,2026-07-13,Recovered
2300,28756,18162,2023-12-16,Acute rise in serum creatinine,Moderate,Nephrotoxicity,0,2023-12-17,Ongoing
2301,28761,18165,2024-05-17,Transaminases elevated 3x upper limit of normal,Mild,Hepatotoxicity,0,2024-05-20,Recovered
2302,28764,18167,2026-01-30,Gastrointestinal bleeding requiring transfusion,Severe,Major hemorrhage,1,2026-01-30,Recovered
2303,28773,18174,2025-06-05,Acute hypotension and airway swelling after dose,Mild,Anaphylaxis,0,2025-06-07,Recovered
2304,28788,18189,2025-01-08,Elevated liver transaminases on routine panel,Mild,Hepatotoxicity,0,2025-01-10,Recovered
2305,28800,18193,2022-09-22,Unwitnessed fall attributed to sedation,Severe,Falls,1,2022-09-27,Recovered
2306,28825,18211,2026-02-17,Metabolic acidosis with elevated lactate,Moderate,Lactic acidosis,0,2026-02-21,Ongoing
2307,28832,18214,2023-07-06,Recurrent headache following dose escalation,Fatal,Headache,1,2023-07-09,Fatal
2308,28868,18240,2025-05-16,Orthostatic hypotension with dizziness,Moderate,Dehydration,0,2025-05-18,Recovered
2309,28890,18258,2024-10-24,Unwitnessed fall attributed to sedation,Mild,Falls,0,2024-10-28,Under evaluation
2310,28894,18261,2025-02-24,Transaminases elevated 3x upper limit of normal,Fatal,Hepatotoxicity,0,2025-02-26,Fatal
2311,28905,18270,2020-11-25,Recurrent headache following dose escalation,Moderate,Headache,0,2020-11-25,Recovered
2312,28907,18271,2025-12-20,Low serum potassium on routine labs,Severe,Hypokalemia,1,2025-12-22,Recovered
2313,28915,18277,2023-08-21,Upper GI hemorrhage with hematemesis,Mild,Gastrointestinal bleeding,0,2023-08-22,Under evaluation
2314,28931,18289,2025-12-05,New-onset elevated glucose readings,Moderate,Hyperglycemia,0,2025-12-06,Recovered
2315,28947,18300,2026-07-29,Elevated liver transaminases on routine panel,Mild,Hepatotoxicity,0,2026-08-02,Recovered
2316,28965,18310,2025-07-15,New infection attributable to immunosuppression,Fatal,Opportunistic infection,1,2025-07-20,Fatal
2317,28971,18313,2022-07-22,Low serum magnesium on routine labs,Mild,Hypomagnesemia,0,2022-07-26,Under evaluation
2318,29005,18333,2024-09-09,Sleep disturbance following dose adjustment,Moderate,Insomnia,0,2024-09-12,Recovered
2319,29028,18348,2022-06-04,Orthostatic hypotension with dizziness,Fatal,Dehydration,1,2022-06-06,Fatal
2320,29044,18360,2024-04-06,New-onset persistent fatigue,Mild,Fatigue,0,2024-04-06,Recovered
2321,29047,18362,2026-04-18,Facial and lip swelling with mild airway compromise,Mild,Angioedema,0,2026-04-18,Recovered
2322,29083,18383,2026-08-15,Rise in serum creatinine after treatment start,Severe,Acute kidney injury,1,2026-08-17,Ongoing
2323,29114,18406,2021-12-30,Recurrent headache following dose escalation,Moderate,Headache,0,2022-01-04,Recovered
2324,29116,18407,2026-05-17,Decreased respiratory rate requiring monitoring,Severe,Respiratory depression,1,2026-05-21,Recovered
2325,29122,18410,2023-06-01,Transaminases elevated 3x upper limit of normal,Moderate,Hepatotoxicity,0,2023-06-01,Under evaluation
2326,29124,18413,2024-07-18,Decreased respiratory rate requiring monitoring,Mild,Respiratory depression,0,2024-07-23,Recovered
2327,29125,18413,2025-12-15,New lower-limb swelling,Mild,Peripheral edema,0,2025-12-18,Recovered
2328,29149,18433,2026-03-01,Persistent nausea and diarrhea after dosing,Severe,Gastrointestinal upset,0,2026-03-04,Ongoing
2329,29166,18443,2022-09-11,New-onset persistent fatigue,Mild,Fatigue,0,2022-09-12,Recovered
2330,29167,18443,2022-08-16,Extensive spontaneous bruising on limbs,Mild,Bruising,0,2022-08-20,Recovered
2331,29168,18444,2026-05-09,Extensive spontaneous bruising on limbs,Moderate,Bruising,0,2026-05-10,Ongoing
2332,29172,18446,2022-12-28,Symptomatic low heart rate,Moderate,Bradycardia,0,2022-12-29,Recovered
2333,29190,18462,2025-01-27,Elevated liver transaminases on routine panel,Mild,Hepatotoxicity,0,2025-01-30,Recovered
2334,29191,18462,2025-06-14,Severe drop in absolute neutrophil count,Fatal,Neutropenia,0,2025-06-18,Fatal
2335,29197,18466,2021-11-26,Extensive spontaneous bruising on limbs,Fatal,Bruising,1,2021-11-27,Fatal
2336,29218,18482,2025-04-07,Rise in creatinine during therapy,Mild,Nephrotoxicity,0,2025-04-10,Recovered
2337,29226,18487,2025-10-21,New-onset sleep disturbance after starting therapy,Moderate,Insomnia,0,2025-10-25,Ongoing
2338,29234,18494,2022-03-07,Acute hypotension and airway swelling after dose,Severe,Anaphylaxis,1,2022-03-10,Ongoing
2339,29241,18498,2026-03-23,New infection attributable to immunosuppression,Mild,Opportunistic infection,0,2026-03-24,Recovered
2340,29251,18506,2025-11-04,New-onset sleep disturbance after starting therapy,Mild,Insomnia,0,2025-11-06,Recovered
2341,29253,18507,2025-12-03,Refractory chemotherapy-induced emesis,Moderate,Nausea and vomiting,0,2025-12-03,Under evaluation
2342,29261,18511,2026-01-09,Symptomatic low heart rate,Mild,Bradycardia,0,2026-01-09,Under evaluation
2343,29268,18515,2022-02-15,Excessive daytime somnolence,Mild,Sedation,0,2022-02-16,Recovered
2344,29269,18516,2024-07-19,Acute hypotension and airway swelling after dose,Mild,Anaphylaxis,0,2024-07-20,Recovered
2345,29286,18527,2025-03-11,Persistent non-productive cough unresponsive to antitussives,Mild,Dry cough,0,2025-03-16,Recovered
2346,29297,18533,2026-02-22,Low serum magnesium on routine labs,Mild,Hypomagnesemia,0,2026-02-27,Recovered
2347,29322,18548,2026-01-22,Elevated heart rate after inhaler use,Moderate,Tachycardia,0,2026-01-22,Recovered
2348,29326,18550,2026-06-08,Gastrointestinal bleeding requiring transfusion,Mild,Major hemorrhage,0,2026-06-13,Recovered
2349,29336,18555,2026-01-30,Blood glucose below 50 mg/dL with symptoms,Mild,Hypoglycemia,0,2026-01-31,Recovered
2350,29341,18557,2025-02-28,Upper GI hemorrhage with hematemesis,Fatal,Gastrointestinal bleeding,1,2025-03-05,Fatal
2351,29347,18562,2022-09-07,New-onset tremor and rigidity,Moderate,Extrapyramidal symptoms,0,2022-09-10,Recovered
2352,29368,18571,2026-01-13,"Agitation, tremor and hyperreflexia",Moderate,Serotonin syndrome,0,2026-01-18,Recovered
2353,29382,18580,2025-12-19,New infection attributable to immunosuppression,Mild,Opportunistic infection,0,2025-12-23,Under evaluation
2354,29396,18588,2025-06-12,"Agitation, tremor and hyperreflexia",Mild,Serotonin syndrome,0,2025-06-14,Recovered
2355,29407,18596,2025-12-19,Rapid weight gain over follow-up period,Mild,Weight gain,0,2025-12-19,Under evaluation
2356,29417,18601,2024-09-23,Acute rise in serum creatinine,Severe,Nephrotoxicity,1,2024-09-26,Ongoing
2357,29430,18609,2022-07-07,Upper GI hemorrhage with hematemesis,Mild,Gastrointestinal bleeding,0,2022-07-07,Recovered
2358,29432,18610,2026-01-30,Acute hypotension and airway swelling after dose,Severe,Anaphylaxis,0,2026-02-03,Ongoing
2359,29435,18612,2025-11-21,Steroid-induced irritability and insomnia,Mild,Mood disturbance,0,2025-11-21,Recovered
2360,29451,18622,2026-04-26,Acute hypotension and airway swelling after dose,Mild,Anaphylaxis,0,2026-04-27,Recovered
2361,29461,18628,2026-03-25,Low serum magnesium on routine labs,Moderate,Hypomagnesemia,0,2026-03-27,Recovered
2362,29465,18631,2022-02-11,New-onset elevated glucose readings,Mild,Hyperglycemia,0,2022-02-16,Under evaluation
2363,29480,18639,2025-07-30,Refractory chemotherapy-induced emesis,Moderate,Nausea and vomiting,0,2025-08-04,Ongoing
2364,29485,18645,2026-05-13,Low serum magnesium on routine labs,Mild,Hypomagnesemia,0,2026-05-17,Recovered
2365,29486,18645,2022-04-13,New-onset sleep disturbance after starting therapy,Mild,Insomnia,0,2022-04-17,Recovered
2366,29505,18660,2026-02-25,Low serum magnesium on routine labs,Mild,Hypomagnesemia,0,2026-02-26,Recovered
2367,29531,18676,2026-06-09,Rise in creatinine during therapy,Moderate,Nephrotoxicity,0,2026-06-12,Ongoing
2368,29532,18677,2025-12-31,Diffuse maculopapular rash,Moderate,Rash,0,2026-01-04,Under evaluation
2369,29547,18687,2020-10-30,Decreased respiratory rate requiring monitoring,Severe,Respiratory depression,1,2020-11-01,Ongoing
2370,29552,18691,2026-04-19,Extensive spontaneous bruising on limbs,Severe,Bruising,1,2026-04-23,Sequelae
2371,29581,18712,2026-07-20,Extensive spontaneous bruising on limbs,Moderate,Bruising,0,2026-07-20,Ongoing
2372,29586,18714,2025-03-14,Rapid weight gain over follow-up period,Mild,Weight gain,0,2025-03-17,Recovered
2373,29603,18725,2025-09-25,Localized redness and swelling at injection site,Moderate,Injection site reaction,0,2025-09-30,Ongoing
2374,29621,18734,2025-08-15,Low serum potassium on routine labs,Severe,Hypokalemia,1,2025-08-20,Ongoing
2375,29647,18749,2024-05-19,Recurrent headache following dose escalation,Fatal,Headache,1,2024-05-20,Fatal
2376,29659,18757,2023-10-29,Extensive spontaneous bruising on limbs,Fatal,Bruising,1,2023-11-02,Fatal
2377,29668,18762,2025-11-23,"Agitation, tremor and hyperreflexia",Moderate,Serotonin syndrome,0,2025-11-23,Recovered
2378,29679,18771,2023-09-30,Unwitnessed fall attributed to sedation,Mild,Falls,0,2023-10-01,Recovered
2379,29686,18773,2025-12-18,Severe drop in absolute neutrophil count,Mild,Neutropenia,0,2025-12-20,Recovered
2380,29691,18777,2026-05-03,Upper GI hemorrhage with hematemesis,Mild,Gastrointestinal bleeding,0,2026-05-03,Recovered
2381,29695,18778,2025-07-02,Rise in creatinine during therapy,Mild,Nephrotoxicity,0,2025-07-04,Recovered
2382,29719,18793,2023-04-07,Diffuse muscle pain with elevated creatine kinase,Mild,Myalgia,0,2023-04-11,Under evaluation
2383,29726,18797,2025-08-27,Rise in serum creatinine after treatment start,Mild,Acute kidney injury,0,2025-09-01,Recovered
2384,29727,18798,2026-08-03,Severe drop in absolute neutrophil count,Severe,Neutropenia,1,2026-08-07,Recovered
2385,29732,18801,2024-09-13,New-onset sleep disturbance after starting therapy,Moderate,Insomnia,0,2024-09-15,Under evaluation
2386,29735,18803,2026-01-15,Unexplained leukopenia on follow-up labs,Fatal,Bone marrow suppression,0,2026-01-15,Fatal
2387,29756,18818,2026-02-01,Upper GI hemorrhage with hematemesis,Moderate,Gastrointestinal bleeding,0,2026-02-04,Recovered
2388,29774,18829,2025-12-21,Excessive daytime somnolence,Mild,Sedation,0,2025-12-21,Recovered
2389,29779,18832,2025-02-27,Upper GI hemorrhage with hematemesis,Fatal,Gastrointestinal bleeding,0,2025-03-01,Fatal
2390,29802,18849,2025-07-10,Localized redness and swelling at injection site,Severe,Injection site reaction,1,2025-07-14,Sequelae
2391,29817,18856,2024-02-19,Upper GI hemorrhage with hematemesis,Moderate,Gastrointestinal bleeding,0,2024-02-24,Ongoing
2392,29818,18857,2024-03-29,Upper GI hemorrhage with hematemesis,Moderate,Gastrointestinal bleeding,0,2024-04-02,Recovered
2393,29824,18864,2026-06-19,Rise in creatinine during therapy,Moderate,Nephrotoxicity,0,2026-06-23,Recovered
2394,29848,18877,2026-05-10,Facial and lip swelling with mild airway compromise,Mild,Angioedema,0,2026-05-11,Recovered
2395,29851,18878,2026-06-02,Excessive daytime somnolence,Severe,Sedation,1,2026-06-02,Recovered
2396,29867,18886,2022-06-12,Sleep disturbance following dose adjustment,Moderate,Insomnia,0,2022-06-12,Ongoing
2397,29873,18889,2026-02-05,Low serum magnesium on routine labs,Mild,Hypomagnesemia,0,2026-02-10,Recovered
2398,29875,18890,2026-03-06,Low serum magnesium on routine labs,Moderate,Hypomagnesemia,0,2026-03-06,Under evaluation
2399,29882,18896,2026-07-25,Upper GI hemorrhage with hematemesis,Moderate,Gastrointestinal bleeding,0,2026-07-29,Recovered
2400,29883,18897,2026-07-31,Upper GI hemorrhage with hematemesis,Moderate,Gastrointestinal bleeding,0,2026-08-05,Ongoing
2401,29891,18902,2026-05-06,Elevated heart rate after inhaler use,Mild,Tachycardia,0,2026-05-08,Recovered
2402,29941,18940,2026-05-31,Transaminases elevated 3x upper limit of normal,Moderate,Hepatotoxicity,0,2026-05-31,Recovered
2403,29945,18944,2023-01-28,Acute hypotension and airway swelling after dose,Moderate,Anaphylaxis,0,2023-01-31,Ongoing
2404,29948,18945,2025-09-07,Metabolic acidosis with elevated lactate,Fatal,Lactic acidosis,0,2025-09-12,Fatal
2405,29969,18959,2026-07-13,Severe drop in absolute neutrophil count,Moderate,Neutropenia,0,2026-07-18,Recovered
2406,29991,18973,2026-08-01,New-onset sleep disturbance after starting therapy,Mild,Insomnia,0,2026-08-01,Under evaluation
2407,30000,18978,2022-05-21,New-onset elevated glucose readings,Moderate,Hyperglycemia,0,2022-05-22,Under evaluation
2408,30034,18996,2025-07-17,Recurrent headache following dose escalation,Severe,Headache,0,2025-07-19,Ongoing
2409,30035,18997,2026-03-12,Diffuse muscle pain with elevated creatine kinase,Mild,Myalgia,0,2026-03-16,Recovered
2410,30056,19009,2025-09-14,Orthostatic hypotension with dizziness,Mild,Dehydration,0,2025-09-14,Recovered
2411,30094,19033,2026-08-01,Rapid weight gain over follow-up period,Mild,Weight gain,0,2026-08-01,Under evaluation
2412,30114,19045,2025-10-30,Generalized urticaria and pruritus,Moderate,Allergic skin reaction,0,2025-10-31,Under evaluation
2413,30115,19046,2026-08-10,Persistent non-productive cough unresponsive to antitussives,Mild,Dry cough,0,2026-08-15,Recovered
2414,30126,19052,2022-07-04,Transaminases elevated 3x upper limit of normal,Fatal,Hepatotoxicity,1,2022-07-04,Fatal
2415,30132,19056,2022-04-02,Acute rise in serum creatinine,Severe,Nephrotoxicity,1,2022-04-05,Recovered
2416,30136,19060,2026-06-23,Steroid-induced irritability and insomnia,Mild,Mood disturbance,0,2026-06-23,Recovered
2417,30158,19075,2026-06-03,Metabolic acidosis with elevated lactate,Mild,Lactic acidosis,0,2026-06-08,Recovered
2418,30177,19085,2025-02-25,Rise in serum creatinine after treatment start,Severe,Acute kidney injury,1,2025-02-26,Ongoing
2419,30183,19089,2026-06-29,Severe opioid-induced constipation,Moderate,Constipation,0,2026-07-02,Ongoing
2420,30188,19091,2025-04-20,Low serum magnesium on routine labs,Mild,Hypomagnesemia,0,2025-04-21,Recovered
2421,30199,19100,2025-02-25,New lower-limb swelling,Mild,Peripheral edema,0,2025-02-26,Recovered
2422,30206,19108,2026-01-03,Excessive daytime somnolence,Mild,Sedation,0,2026-01-06,Recovered
2423,30212,19111,2026-07-22,Rise in creatinine during therapy,Severe,Nephrotoxicity,1,2026-07-26,Sequelae
2424,30254,19139,2026-02-04,Excessive daytime somnolence,Fatal,Sedation,1,2026-02-04,Fatal
2425,30266,19145,2026-04-14,Excessive daytime somnolence,Moderate,Sedation,0,2026-04-14,Under evaluation
2426,30273,19148,2025-12-01,Unwitnessed fall attributed to sedation,Moderate,Falls,0,2025-12-05,Recovered
2427,30301,19169,2022-10-27,Gastrointestinal bleeding requiring transfusion,Mild,Major hemorrhage,0,2022-10-28,Under evaluation
2428,30360,19204,2025-11-26,Transaminases elevated 3x upper limit of normal,Severe,Hepatotoxicity,0,2025-12-01,Recovered
2429,30372,19211,2023-12-26,New-onset elevated glucose readings,Moderate,Hyperglycemia,0,2023-12-29,Ongoing
2430,30386,19219,2025-03-19,Acute rise in serum creatinine,Moderate,Nephrotoxicity,0,2025-03-21,Recovered
2431,30410,19235,2022-12-09,"Agitation, tremor and hyperreflexia",Mild,Serotonin syndrome,0,2022-12-14,Recovered
2432,30430,19247,2024-01-17,New lower-limb swelling,Moderate,Peripheral edema,0,2024-01-19,Under evaluation
2433,30448,19258,2024-10-07,Decreased respiratory rate requiring monitoring,Severe,Respiratory depression,1,2024-10-12,Sequelae
2434,30453,19260,2025-11-21,New lower-limb swelling,Mild,Peripheral edema,0,2025-11-22,Recovered
2435,30459,19264,2025-10-25,Extensive spontaneous bruising on limbs,Mild,Bruising,0,2025-10-30,Under evaluation
2436,30494,19285,2026-05-28,Severe drop in absolute neutrophil count,Moderate,Neutropenia,0,2026-05-28,Under evaluation
2437,30497,19287,2025-06-20,Gastrointestinal bleeding requiring transfusion,Mild,Major hemorrhage,0,2025-06-25,Under evaluation
2438,30502,19289,2026-06-07,New-onset sleep disturbance after starting therapy,Fatal,Insomnia,1,2026-06-09,Fatal
2439,30517,19300,2024-05-29,Facial and lip swelling with mild airway compromise,Severe,Angioedema,0,2024-05-31,Ongoing
2440,30531,19310,2025-11-06,Refractory chemotherapy-induced emesis,Severe,Nausea and vomiting,1,2025-11-11,Sequelae
2441,30532,19310,2023-03-16,Rise in serum creatinine after treatment start,Mild,Acute kidney injury,0,2023-03-20,Under evaluation
2442,30533,19312,2024-06-16,Unexplained leukopenia on follow-up labs,Mild,Bone marrow suppression,0,2024-06-18,Under evaluation
2443,30544,19320,2025-11-27,Symptomatic low heart rate,Moderate,Bradycardia,0,2025-11-29,Recovered
2444,30545,19320,2025-05-31,"Agitation, tremor and hyperreflexia",Moderate,Serotonin syndrome,0,2025-06-02,Ongoing
2445,30560,19331,2025-05-02,Acute hypotension and airway swelling after dose,Moderate,Anaphylaxis,0,2025-05-07,Under evaluation
2446,30567,19335,2026-02-13,Steroid-induced irritability and insomnia,Moderate,Mood disturbance,0,2026-02-17,Ongoing
2447,30573,19337,2024-03-07,"Agitation, tremor and hyperreflexia",Severe,Serotonin syndrome,1,2024-03-07,Recovered
2448,30613,19361,2025-04-06,Symptomatic low heart rate,Mild,Bradycardia,0,2025-04-08,Recovered
2449,30614,19361,2026-03-30,Persistent nausea and diarrhea after dosing,Severe,Gastrointestinal upset,1,2026-04-03,Ongoing
2450,30640,19378,2026-08-05,Sleep disturbance following dose adjustment,Mild,Insomnia,0,2026-08-07,Recovered
2451,30649,19385,2026-01-13,Severe drop in absolute neutrophil count,Mild,Neutropenia,0,2026-01-14,Recovered
2452,30665,19397,2023-12-12,New-onset sleep disturbance after starting therapy,Moderate,Insomnia,0,2023-12-16,Under evaluation
2453,30678,19406,2025-12-29,Gastrointestinal bleeding requiring transfusion,Severe,Major hemorrhage,0,2026-01-01,Sequelae
2454,30689,19412,2025-09-01,Unexplained leukopenia on follow-up labs,Moderate,Bone marrow suppression,0,2025-09-04,Recovered
2455,30690,19414,2026-03-18,Excessive daytime somnolence,Moderate,Sedation,0,2026-03-22,Ongoing
2456,30703,19423,2024-11-19,New-onset tremor and rigidity,Moderate,Extrapyramidal symptoms,0,2024-11-19,Under evaluation
2457,30721,19436,2024-08-12,Facial and lip swelling with mild airway compromise,Mild,Angioedema,0,2024-08-13,Recovered
2458,30725,19439,2025-06-26,New-onset sleep disturbance after starting therapy,Moderate,Insomnia,0,2025-07-01,Ongoing
2459,30750,19452,2025-01-21,New-onset elevated glucose readings,Severe,Hyperglycemia,1,2025-01-26,Ongoing
2460,30754,19455,2023-06-16,Persistent nausea and diarrhea after dosing,Mild,Gastrointestinal upset,0,2023-06-18,Recovered
2461,30774,19467,2025-08-13,Transaminases elevated 3x upper limit of normal,Severe,Hepatotoxicity,0,2025-08-15,Sequelae
2462,30796,19485,2026-06-19,Upper GI hemorrhage with hematemesis,Moderate,Gastrointestinal bleeding,0,2026-06-19,Ongoing
2463,30804,19489,2023-10-23,Extensive spontaneous bruising on limbs,Moderate,Bruising,0,2023-10-24,Ongoing
2464,30824,19502,2026-04-06,New-onset tremor and rigidity,Mild,Extrapyramidal symptoms,0,2026-04-11,Recovered
2465,30828,19505,2026-08-10,New-onset tremor and rigidity,Moderate,Extrapyramidal symptoms,0,2026-08-15,Ongoing
2466,30837,19511,2023-06-01,Rapid weight gain over follow-up period,Severe,Weight gain,0,2023-06-06,Recovered
2467,30852,19520,2026-06-28,Steroid-induced irritability and insomnia,Moderate,Mood disturbance,0,2026-06-29,Recovered
2468,30855,19521,2023-03-27,Low serum magnesium on routine labs,Severe,Hypomagnesemia,1,2023-03-29,Ongoing
2469,30857,19523,2025-04-25,Transaminases elevated 3x upper limit of normal,Moderate,Hepatotoxicity,0,2025-04-27,Recovered
2470,30874,19531,2026-07-01,New-onset elevated glucose readings,Moderate,Hyperglycemia,0,2026-07-06,Ongoing
2471,30880,19534,2023-01-17,Unwitnessed fall attributed to sedation,Mild,Falls,0,2023-01-22,Recovered
2472,30907,19556,2022-04-14,Persistent non-productive cough unresponsive to antitussives,Moderate,Dry cough,0,2022-04-18,Recovered
2473,30914,19559,2026-07-31,Persistent nausea and diarrhea after dosing,Mild,Gastrointestinal upset,0,2026-08-02,Recovered
2474,30925,19569,2024-06-24,New-onset elevated glucose readings,Mild,Hyperglycemia,0,2024-06-25,Recovered
2475,30955,19586,2025-01-09,Symptomatic drop in blood pressure,Mild,Hypotension,0,2025-01-12,Under evaluation
2476,30970,19599,2023-03-12,Persistent non-productive cough unresponsive to antitussives,Moderate,Dry cough,0,2023-03-16,Under evaluation
2477,30973,19600,2024-01-08,Extensive spontaneous bruising on limbs,Moderate,Bruising,0,2024-01-12,Under evaluation
2478,30974,19601,2023-12-20,Gastrointestinal bleeding requiring transfusion,Severe,Major hemorrhage,1,2023-12-22,Ongoing
2479,30991,19615,2024-05-24,Elevated liver transaminases on routine panel,Mild,Hepatotoxicity,0,2024-05-27,Under evaluation
2480,30998,19624,2024-10-27,Diffuse maculopapular rash,Mild,Rash,0,2024-10-27,Recovered
2481,31006,19628,2024-04-10,Elevated liver transaminases on routine panel,Mild,Hepatotoxicity,0,2024-04-13,Under evaluation
2482,31012,19634,2025-04-02,Upper GI hemorrhage with hematemesis,Moderate,Gastrointestinal bleeding,0,2025-04-07,Ongoing
2483,31026,19641,2026-03-15,New-onset sleep disturbance after starting therapy,Fatal,Insomnia,1,2026-03-17,Fatal
2484,31032,19645,2023-10-04,Severe opioid-induced constipation,Moderate,Constipation,0,2023-10-07,Recovered
2485,31033,19646,2024-12-07,Persistent non-productive cough unresponsive to antitussives,Fatal,Dry cough,1,2024-12-09,Fatal
2486,31039,19652,2024-10-05,Generalized urticaria and pruritus,Mild,Allergic skin reaction,0,2024-10-06,Recovered
2487,31049,19657,2024-03-01,Acute hypotension and airway swelling after dose,Moderate,Anaphylaxis,0,2024-03-01,Under evaluation
2488,31065,19668,2023-04-15,New-onset persistent fatigue,Fatal,Fatigue,1,2023-04-17,Fatal
2489,31084,19681,2021-07-04,Acute rise in serum creatinine,Fatal,Nephrotoxicity,1,2021-07-05,Fatal
2490,31094,19686,2025-03-21,Persistent non-productive cough unresponsive to antitussives,Moderate,Dry cough,0,2025-03-23,Recovered
2491,31104,19692,2024-05-16,Refractory chemotherapy-induced emesis,Moderate,Nausea and vomiting,0,2024-05-17,Ongoing
2492,31111,19696,2026-07-02,Fine hand tremor following dosing,Severe,Tremor,1,2026-07-02,Sequelae
2493,31115,19697,2026-07-07,New-onset sleep disturbance after starting therapy,Severe,Insomnia,1,2026-07-09,Ongoing
2494,31135,19712,2023-05-07,Elevated liver transaminases on routine panel,Mild,Hepatotoxicity,0,2023-05-10,Recovered
2495,31139,19714,2025-08-30,Fine hand tremor following dosing,Moderate,Tremor,0,2025-09-04,Recovered
2496,31145,19716,2026-06-13,Unwitnessed fall attributed to sedation,Moderate,Falls,0,2026-06-13,Recovered
2497,31192,19754,2026-08-13,Rise in serum creatinine after treatment start,Severe,Acute kidney injury,0,2026-08-13,Ongoing
2498,31198,19758,2025-08-31,Low serum potassium on routine labs,Mild,Hypokalemia,0,2025-09-01,Under evaluation
2499,31209,19765,2025-10-16,Symptomatic drop in blood pressure,Mild,Hypotension,0,2025-10-17,Recovered
2500,31216,19771,2026-01-14,Acute rise in serum creatinine,Moderate,Nephrotoxicity,0,2026-01-17,Recovered
2501,31242,19787,2023-06-09,Rise in creatinine during therapy,Moderate,Nephrotoxicity,0,2023-06-09,Recovered
2502,31259,19799,2026-07-06,Unwitnessed fall attributed to sedation,Mild,Falls,0,2026-07-06,Recovered
2503,31273,19807,2026-04-09,"Agitation, tremor and hyperreflexia",Moderate,Serotonin syndrome,0,2026-04-09,Under evaluation
2504,31282,19813,2026-06-21,Recurrent headache following dose escalation,Severe,Headache,0,2026-06-23,Recovered
2505,31288,19817,2026-06-30,Decreased respiratory rate requiring monitoring,Fatal,Respiratory depression,1,2026-07-05,Fatal
2506,31290,19817,2026-07-28,Blood glucose below 50 mg/dL with symptoms,Mild,Hypoglycemia,0,2026-08-02,Recovered
2507,31296,19821,2025-09-20,New infection attributable to immunosuppression,Severe,Opportunistic infection,1,2025-09-24,Sequelae
2508,31297,19821,2025-11-17,Recurrent headache following dose escalation,Mild,Headache,0,2025-11-19,Recovered
2509,31314,19831,2022-11-23,Severe drop in absolute neutrophil count,Fatal,Neutropenia,1,2022-11-26,Fatal
2510,31327,19842,2026-07-26,"Agitation, tremor and hyperreflexia",Severe,Serotonin syndrome,1,2026-07-26,Sequelae
2511,31331,19846,2024-09-21,Symptomatic low heart rate,Mild,Bradycardia,0,2024-09-22,Recovered
2512,31340,19851,2024-10-18,Rise in serum creatinine after treatment start,Severe,Acute kidney injury,1,2024-10-20,Recovered
2513,31347,19856,2024-01-09,Extensive spontaneous bruising on limbs,Severe,Bruising,1,2024-01-09,Ongoing
2514,31350,19857,2026-07-15,Generalized urticaria and pruritus,Severe,Allergic skin reaction,1,2026-07-15,Recovered
2515,31364,19868,2026-06-12,Acute rise in serum creatinine,Moderate,Nephrotoxicity,0,2026-06-13,Recovered
2516,31379,19875,2025-09-01,Acute hypotension and airway swelling after dose,Mild,Anaphylaxis,0,2025-09-06,Under evaluation
2517,31394,19883,2025-12-07,Generalized urticaria and pruritus,Fatal,Allergic skin reaction,1,2025-12-07,Fatal
2518,31398,19885,2022-06-21,Transaminases elevated 3x upper limit of normal,Mild,Hepatotoxicity,0,2022-06-26,Under evaluation
2519,31401,19889,2026-02-17,Rise in serum creatinine after treatment start,Severe,Acute kidney injury,0,2026-02-22,Ongoing
2520,31403,19892,2024-01-13,Decreased respiratory rate requiring monitoring,Fatal,Respiratory depression,1,2024-01-15,Fatal
2521,31418,19902,2026-07-11,Diffuse muscle pain with elevated creatine kinase,Severe,Myalgia,1,2026-07-12,Recovered
2522,31419,19902,2025-11-22,Unwitnessed fall attributed to sedation,Mild,Falls,0,2025-11-27,Under evaluation
2523,31424,19906,2021-10-25,Elevated liver transaminases on routine panel,Mild,Hepatotoxicity,0,2021-10-26,Recovered
2524,31440,19913,2024-11-13,New-onset elevated glucose readings,Mild,Hyperglycemia,0,2024-11-13,Under evaluation
2525,31469,19931,2023-04-30,Orthostatic hypotension with dizziness,Fatal,Dehydration,1,2023-05-02,Fatal
2526,31475,19933,2026-07-17,Facial and lip swelling with mild airway compromise,Mild,Angioedema,0,2026-07-18,Recovered
2527,31524,19965,2025-10-13,Rise in serum creatinine after treatment start,Mild,Acute kidney injury,0,2025-10-15,Under evaluation
2528,31535,19973,2025-11-04,Blood glucose below 50 mg/dL with symptoms,Mild,Hypoglycemia,0,2025-11-04,Recovered
2529,31543,19978,2025-04-01,Gastrointestinal bleeding requiring transfusion,Fatal,Major hemorrhage,1,2025-04-01,Fatal
2530,31552,19984,2025-10-09,Orthostatic hypotension with dizziness,Fatal,Dehydration,0,2025-10-14,Fatal
2531,31554,19984,2023-09-03,New-onset persistent fatigue,Moderate,Fatigue,0,2023-09-05,Recovered
2532,31555,19985,2021-06-02,Refractory chemotherapy-induced emesis,Mild,Nausea and vomiting,0,2021-06-07,Recovered
2533,31562,19989,2024-04-22,Facial and lip swelling with mild airway compromise,Severe,Angioedema,1,2024-04-27,Ongoing
2534,31566,19990,2025-01-02,Localized redness and swelling at injection site,Mild,Injection site reaction,0,2025-01-04,Under evaluation
2535,31579,19997,2025-07-27,Refractory chemotherapy-induced emesis,Mild,Nausea and vomiting,0,2025-07-29,Under evaluation
